-- ============================================================
-- 008_seed_quizzes.sql  (GERADO POR scripts/build-seed-quizzes.js)
-- Não edite à mão. Para regenerar:
--   node scripts/build-seed-quizzes.js
--
-- Popula quiz + alternativa + feedback a partir do schema novo,
-- convertendo os INSERTs legados de tables.sql.
-- ============================================================

-- ===== limpeza para tornar a migration idempotente =====
DELETE FROM alternativa;
DELETE FROM feedback;

-- ===== quiz =====
INSERT IGNORE INTO quiz (id, id_assunto, pergunta, dificuldade) VALUES
  (1, 1, 'Qual é a leitura correta do número 307?', '1'),
  (2, 1, 'Qual número está entre 399 e 401?', '1'),
  (3, 1, 'Qual o valor do algarismo 5 no número 5.231?', '1'),
  (4, 1, 'Qual número é maior: 3,25 ou 3,052?', '1'),
  (5, 1, 'Qual é a forma decimal de "dois inteiros e cinquenta centésimos"?', '1'),
  (6, 1, 'Qual é o número formado por três dezenas e sete unidades?', '1'),
  (7, 1, 'Qual é o valor posicional do 2 no número 2.134?', '1'),
  (8, 1, 'Qual é a escrita por extenso de 480?', '1'),
  (9, 1, 'Qual desses números é menor que 0,5?', '1'),
  (10, 1, 'Qual número é equivalente a 1 inteiro e 25 centésimos?', '1'),
  (11, 1, 'Qual número vem logo após 899?', '1'),
  (12, 1, 'Qual número tem o algarismo 6 na casa das dezenas: 462?', '1'),
  (13, 1, 'Qual desses números tem a maior parte decimal?', '1'),
  (14, 1, 'Qual é o número representado por 9 centenas, 0 dezenas e 4 unidades?', '1'),
  (15, 1, 'Qual desses números representa cinco unidades e quatro décimos?', '1'),
  (16, 1, 'Qual é o número que representa "setenta e oito centésimos"?', '1'),
  (17, 1, 'Qual o número que tem 3 na casa dos milhar, 2 na centena, 0 na dezena e 5 na unidade?', '1'),
  (18, 1, 'Qual número representa três unidades e seis décimos?', '1'),
  (19, 1, 'Qual é a forma decimal de "noventa e nove centésimos"?', '1'),
  (20, 1, 'Qual o valor posicional do 4 no número 1.458?', '1'),
  (21, 1, 'Qual é o número representado por 4 unidades, 3 décimos e 8 centésimos?', '2'),
  (22, 1, 'Qual desses números é maior: 2,345 ou 2,354?', '2'),
  (23, 1, 'Qual é o valor do algarismo 7 no número 1.738?', '2'),
  (24, 1, 'Escreva o número "doze inteiros e sete centésimos" na forma decimal.', '2'),
  (25, 1, 'Qual desses números é equivalente a 1/10?', '2'),
  (26, 1, 'Qual desses números é menor: 0,305 ou 0,35?', '2'),
  (27, 1, 'Em qual alternativa os números estão em ordem crescente?', '2'),
  (28, 1, 'Qual é a forma decimal de 3 inteiros e 125 milésimos?', '2'),
  (29, 1, 'Qual o número que representa dois inteiros e seis milésimos?', '2'),
  (30, 1, 'Em qual número o dígito 9 vale 90?', '2'),
  (31, 1, 'Qual a forma correta de escrever o número com 6 centenas, 0 dezenas, 4 unidades e 5 décimos?', '2'),
  (32, 1, 'Qual número decimal tem 5 na casa dos centésimos em 3,254?', '2'),
  (33, 1, 'Entre os números 2,1 – 2,01 – 2,001, qual é o maior?', '2'),
  (34, 1, 'Quantas casas decimais tem o número 4,056?', '2'),
  (35, 1, 'Qual é o número decimal equivalente a 250 centésimos?', '2'),
  (36, 1, 'Em 5.307, qual o valor posicional do 3?', '2'),
  (37, 1, 'Qual dessas opções mostra números decimais em ordem decrescente?', '2'),
  (38, 1, 'O número 0,9 é equivalente a qual fração decimal?', '2'),
  (39, 1, 'Qual é o valor de 4 centenas + 2 dezenas + 9 unidades + 3 décimos?', '2'),
  (40, 1, 'Qual é a forma correta de escrever o número com 2 mil, 30 centenas e 8 unidades?', '2'),
  (41, 1, 'Qual número decimal representa corretamente a soma: 3 + 0,06 + 0,007?', '3'),
  (42, 1, 'Qual número completa corretamente a sequência: 1,2 - 1,25 - 1,3 - ___?', '3'),
  (43, 1, 'Qual número tem o dígito 9 valendo 0,09?', '3'),
  (44, 1, 'Qual a diferença entre 3,456 e 3,0456?', '3'),
  (45, 1, 'Qual número equivale à fração 375/100?', '3'),
  (46, 1, 'Qual dessas frações representa o mesmo valor que 0,625?', '3'),
  (47, 1, 'Entre 1,999 – 2 – 2,001, qual é o menor?', '3'),
  (48, 1, 'Qual número tem 7 como algarismo das milésimas e 2 como das décimas?', '3'),
  (49, 1, 'Quantas casas decimais possui o número 0,0034?', '3'),
  (50, 1, 'O número 4,208 é composto por:', '3'),
  (51, 1, 'Qual é o número que tem o mesmo valor que 2 + 3/10 + 4/1000?', '3'),
  (52, 1, 'Qual das opções apresenta números em ordem crescente?', '3'),
  (53, 1, 'Qual é o valor absoluto da diferença entre 5,008 e 4,999?', '3'),
  (54, 1, 'Qual é a posição do dígito 6 em 74,068?', '3'),
  (55, 1, 'Transformando 0,875 para fração irredutível, qual é o resultado?', '3'),
  (56, 1, 'Em qual número o dígito 1 vale 1 décimo de milésimo?', '3'),
  (57, 1, 'Qual número está mais próximo de 3,5?', '3'),
  (58, 1, 'Qual número equivale à soma de 2,35 e 1,028?', '3'),
  (59, 1, 'Qual é a leitura correta do número 7,204?', '3'),
  (60, 1, 'Qual das opções representa um erro comum ao comparar números decimais?', '3'),
  (61, 2, 'Qual é o resultado de 25 + 17?', '1'),
  (62, 2, 'Quanto é 100 - 28?', '1'),
  (63, 2, 'Qual é o resultado de 7 x 6?', '1'),
  (64, 2, 'Quanto é 81 ÷ 9?', '1'),
  (65, 2, 'Qual o resultado de 5²?', '1'),
  (66, 2, 'Se João tem 10 balas e dá 4 para Pedro, com quantas balas João fica?', '1'),
  (67, 2, 'Quanto é 3 + 8 + 4?', '1'),
  (68, 2, 'Qual é o valor de 6 x 0?', '1'),
  (69, 2, 'Quanto é 9²?', '1'),
  (70, 2, 'Qual número somado a 27 resulta em 100?', '1'),
  (71, 2, 'Quanto é 50 ÷ 5?', '1'),
  (72, 2, 'Qual o resultado de 8 x 5?', '1'),
  (73, 2, 'Qual o resultado de 3²?', '1'),
  (74, 2, 'Qual é o valor de 18 - 7?', '1'),
  (75, 2, 'Quanto é 12 + 6 + 2?', '1'),
  (76, 2, 'Qual o resultado de 64 ÷ 8?', '1'),
  (77, 2, 'Se Ana tem 3 caixas com 4 lápis cada, quantos lápis ela tem?', '1'),
  (78, 2, 'Quanto é 2 x 10 + 5?', '1'),
  (79, 2, 'Qual o resultado de 4²?', '1'),
  (80, 2, 'Quanto é 90 - 45?', '1'),
  (81, 2, 'Qual é o quociente de 165 ÷ 15?', '2'),
  (82, 2, 'Quanto é 42 x 8?', '2'),
  (83, 2, 'O que é 12³?', '2'),
  (84, 2, 'Qual é o valor de 300 ÷ 25?', '2'),
  (85, 2, 'Quanto é 125 + 750?', '2'),
  (86, 2, 'Se você subtrair 50 de 250, qual é o resultado?', '2'),
  (87, 2, 'Quanto é 0,5 x 10?', '2'),
  (88, 2, 'Qual o resultado de 96 ÷ 12?', '2'),
  (89, 2, 'Qual é o valor de 4 x 5 x 2?', '2'),
  (90, 2, 'Qual número subtraído de 500 resulta em 350?', '2'),
  (91, 2, 'O que é 15 x 15?', '2'),
  (92, 2, 'Qual é o valor de 25 ÷ 5?', '2'),
  (93, 2, 'Quanto é 6³?', '2'),
  (94, 2, 'Se você adicionar 15 a 35, qual é o resultado?', '2'),
  (95, 2, 'Qual é o resultado de 125 ÷ 25?', '2'),
  (96, 2, 'O que é 27 ÷ 3?', '2'),
  (97, 2, 'Qual o valor de 18 x 4?', '2'),
  (98, 2, 'Qual número é o resultado de 75 ÷ 15?', '2'),
  (99, 2, 'Quanto é 10³?', '2'),
  (100, 2, 'Qual é o resultado de 72 ÷ 9?', '2'),
  (101, 2, 'Qual é o resto da divisão de 245 por 17?', '3'),
  (102, 2, 'Quanto é 314 x 21?', '3'),
  (103, 2, 'Qual é a raiz quadrada de 625?', '3'),
  (104, 2, 'Quanto é 8³?', '3'),
  (105, 2, 'Se um número é divisível por 6, também é divisível por qual outro número?', '3'),
  (106, 2, 'Qual é o resultado de 234 ÷ 18?', '3'),
  (107, 2, 'Quanto é 81 ÷ 7?', '3'),
  (108, 2, 'Qual é o valor de 1024 ÷ 32?', '3'),
  (109, 2, 'Quanto é 7² + 5²?', '3'),
  (110, 2, 'Qual é o valor de 512 ÷ 16?', '3'),
  (111, 2, 'Quanto é 72 ÷ 6?', '3'),
  (112, 2, 'Qual é o valor de 2500 ÷ 25?', '3'),
  (113, 2, 'Quanto é 13³?', '3'),
  (114, 2, 'Qual é o quadrado de 15?', '3'),
  (115, 2, 'Quanto é 9³?', '3'),
  (116, 2, 'Qual é a soma de 56 + 189?', '3'),
  (117, 2, 'Quanto é 145 x 36?', '3'),
  (118, 2, 'Qual é a raiz quadrada de 196?', '3'),
  (119, 2, 'Qual é o valor de 15²?', '3'),
  (120, 2, 'Quanto é 125 ÷ 5?', '3'),
  (121, 3, 'Qual dos números abaixo é primo?', '1'),
  (122, 3, 'Qual dos números abaixo é um número composto?', '1'),
  (123, 3, 'Qual dos números abaixo NÃO é primo?', '1'),
  (124, 3, 'Qual número possui apenas dois divisores: 1 e ele mesmo?', '1'),
  (125, 3, 'Entre os seguintes números, qual é um número primo?', '1'),
  (126, 3, 'Qual número composto está entre 10 e 15?', '1'),
  (127, 3, 'Qual é o menor número primo?', '1'),
  (128, 3, 'Qual das alternativas mostra APENAS números primos?', '1'),
  (129, 3, 'Qual número abaixo é divisível por mais de dois números?', '1'),
  (130, 3, 'O número 9 é...', '1'),
  (131, 3, 'Qual dos seguintes números é PRIMO?', '1'),
  (132, 3, 'Qual dos seguintes números NÃO é composto?', '1'),
  (133, 3, 'O número 15 é composto porque...', '1'),
  (134, 3, 'Qual dos seguintes números É PRIMO?', '1'),
  (135, 3, 'O número 6 é considerado...', '1'),
  (136, 3, 'Qual número abaixo é COMPOSTO?', '1'),
  (137, 3, 'Entre os números abaixo, qual é PRIMO?', '1'),
  (138, 3, 'Quantos divisores tem o número 11?', '1'),
  (139, 3, 'O número 1 é...', '1'),
  (140, 3, 'Qual é o menor número COMPOSTO?', '1'),
  (141, 3, 'Qual dos números abaixo é primo e maior que 20?', '2'),
  (142, 3, 'Qual é o próximo número primo após o 31?', '2'),
  (143, 3, 'Quantos números primos existem entre 1 e 10?', '2'),
  (144, 3, 'Qual é a soma dos dois menores números primos?', '2'),
  (145, 3, 'Qual dos seguintes números possui exatamente 4 divisores?', '2'),
  (146, 3, 'O número 27 é composto porque...', '2'),
  (147, 3, 'Qual das expressões abaixo representa corretamente um número primo?', '2'),
  (148, 3, 'Qual é o maior número primo menor que 20?', '2'),
  (149, 3, 'Qual número abaixo é primo e ímpar?', '2'),
  (150, 3, 'Qual é a menor soma possível entre dois números primos distintos?', '2'),
  (151, 3, 'Qual dos pares abaixo é formado SOMENTE por números compostos?', '2'),
  (152, 3, 'O número 21 NÃO é primo porque...', '2'),
  (153, 3, 'O número 49 é composto porque...', '2'),
  (154, 3, 'Qual é o próximo número primo após 13?', '2'),
  (155, 3, 'Qual dos seguintes números NÃO é composto?', '2'),
  (156, 3, 'Quantos divisores possui o número 13?', '2'),
  (157, 3, 'Se um número só pode ser dividido por 1 e por ele mesmo, ele é...', '2'),
  (158, 3, 'O número 22 NÃO é primo porque...', '2'),
  (159, 3, 'Qual das opções é um número primo entre 30 e 40?', '2'),
  (160, 3, 'A soma de dois números primos consecutivos pode ser...', '2'),
  (161, 3, 'Qual número abaixo é primo, ímpar, e NÃO termina com 1?', '3'),
  (162, 3, 'Qual das opções representa um número COMPOSTO ÍMPAR menor que 20?', '3'),
  (163, 3, 'Qual é o número primo mais próximo de 50?', '3'),
  (164, 3, 'Qual número abaixo é composto e possui MAIS DE TRÊS DIVISORES DIFERENTES?', '3'),
  (165, 3, 'A soma de dois números primos consecutivos pode resultar em um número...', '3'),
  (166, 3, 'Se um número é par e maior que 2, então ele é...', '3'),
  (167, 3, 'Qual alternativa apresenta DOIS NÚMEROS PRIMOS CONSECUTIVOS?', '3'),
  (168, 3, 'Qual é o menor número composto que é MÚLTIPLO DE 3 E 4?', '3'),
  (169, 3, 'Quantos divisores tem o número composto 18?', '3'),
  (170, 3, 'Qual número primo abaixo é também PALÍNDROMO?', '3'),
  (171, 3, 'Qual é o maior número primo menor que 100?', '3'),
  (172, 3, 'A diferença entre dois números primos pode ser...', '3'),
  (173, 3, 'Qual é o menor número que NÃO É PRIMO NEM COMPOSTO?', '3'),
  (174, 3, 'Se um número tem exatamente três divisores, ele é...', '3'),
  (175, 3, 'O número 91 é composto porque...', '3'),
  (176, 3, 'Qual número é primo e fator de 100?', '3'),
  (177, 3, 'Entre os números abaixo, qual é composto, par e múltiplo de 6?', '3'),
  (178, 3, 'Qual par de números abaixo tem soma e diferença que são números primos?', '3'),
  (179, 3, 'Qual é o número primo entre 90 e 100?', '3'),
  (180, 3, 'Se n é um número primo maior que 2, então n² é sempre...', '3'),
  (181, 4, 'Qual fração representa a metade de um inteiro?', '1'),
  (182, 4, 'Qual fração é equivalente a 2/4?', '1'),
  (183, 4, 'Qual fração representa três partes de um total de quatro?', '1'),
  (184, 4, 'Qual é o resultado de 1/2 + 1/2?', '1'),
  (185, 4, 'Qual é o resultado de 3/4 - 1/4?', '1'),
  (186, 4, 'Qual das frações abaixo é menor que 1/2?', '1'),
  (187, 4, 'Qual das frações abaixo é equivalente a 4/8?', '1'),
  (188, 4, 'Quanto é 1/3 de 9?', '1'),
  (189, 4, 'Quanto é 1/4 de 8?', '1'),
  (190, 4, 'Qual fração representa um terço?', '1'),
  (191, 4, 'Qual é o resultado de 1/4 + 1/4?', '1'),
  (192, 4, 'Qual das frações representa a parte maior?', '1'),
  (193, 4, 'Qual das frações representa a menor quantidade?', '1'),
  (194, 4, 'Se tenho uma pizza dividida em 8 partes iguais e como 3, comi que fração?', '1'),
  (195, 4, 'Qual é a fração equivalente a 5/10?', '1'),
  (196, 4, 'Qual é o resultado de 2/5 + 1/5?', '1'),
  (197, 4, 'Quanto é 1/2 de 10?', '1'),
  (198, 4, 'Qual fração representa cinco partes de dez?', '1'),
  (199, 4, 'Qual é o resultado de 1 - 1/4?', '1'),
  (200, 4, 'Quanto é 2/3 de 6?', '1'),
  (201, 4, 'Qual é o resultado de 2/3 + 1/6?', '2'),
  (202, 4, 'Qual das frações é equivalente a 6/8?', '2'),
  (203, 4, 'Se Ana comeu 2/5 de um bolo e João comeu 1/5, quanto eles comeram juntos?', '2'),
  (204, 4, 'Qual número é maior: 2/3 ou 3/5?', '2'),
  (205, 4, 'Qual é a fração que representa 3 partes de 6?', '2'),
  (206, 4, 'Qual o valor de 3/4 - 1/2?', '2'),
  (207, 4, 'Pedro leu 5/8 de um livro. Quanto falta para terminar?', '2'),
  (208, 4, 'Quanto é 2/3 de 9?', '2'),
  (209, 4, 'Se 1/4 de uma sala está ocupada, qual parte está livre?', '2'),
  (210, 4, 'Escolha a alternativa equivalente a 7/14.', '2'),
  (211, 4, 'Se João comeu 3/10 de uma torta e depois mais 2/10, quanto ele comeu ao todo?', '2'),
  (212, 4, 'Entre as frações abaixo, qual é a menor?', '2'),
  (213, 4, 'Qual o resultado de 4/6 - 1/3?', '2'),
  (214, 4, 'Qual é o resultado de 5/6 + 1/12?', '2'),
  (215, 4, 'Lucas bebeu 3/4 de um litro de suco. Quantos mililitros ele bebeu?', '2'),
  (216, 4, 'Qual fração representa a quantidade de chocolate restante se 2/5 foi consumido?', '2'),
  (217, 4, 'Qual a soma de 1/6 + 1/3 + 1/2?', '2'),
  (218, 4, 'Qual das frações representa exatamente a metade?', '2'),
  (219, 4, 'Se Maria comeu 2/8 de uma barra de chocolate e Pedro comeu 4/8, quem comeu mais?', '2'),
  (220, 4, 'Uma caixa tem 12 bombons. Se João comeu 3/4 da caixa, quantos bombons ele comeu?', '2'),
  (221, 4, 'João percorreu 3/5 de um trajeto pela manhã e 1/5 à tarde. Que fração ainda falta percorrer?', '3'),
  (222, 4, 'Qual é o resultado de 2/3 - 1/4?', '3'),
  (223, 4, 'Soma-se 1/2 + 1/3 + 1/4. Qual o resultado?', '3'),
  (224, 4, 'Em uma caixa com 24 livros, 1/3 são de matemática e 1/4 são de ciências. Quantos livros não são dessas matérias?', '3'),
  (225, 4, 'Qual é o valor de 7/8 - 3/16?', '3'),
  (226, 4, 'Lucas bebeu 2/5 de um litro de suco pela manhã e 1/4 à tarde. Quanto ele bebeu ao todo?', '3'),
  (227, 4, 'Multiplicando 2/3 por 3/4, obtemos:', '3'),
  (228, 4, 'Qual é a diferença entre 5/6 e 2/3?', '3'),
  (229, 4, 'Se um terreno foi dividido em 8 partes iguais e João ficou com 5/8 e Maria com 1/4, quem ficou com a maior parte?', '3'),
  (230, 4, 'Qual é a fração irredutível de 18/24?', '3'),
  (231, 4, 'Se 3/7 de uma reserva de água foi usada, que parte ainda resta?', '3'),
  (232, 4, 'Em uma receita, usa-se 2/3 de xícara de açúcar. Se for dobrada, quanto será usado?', '3'),
  (233, 4, 'Qual é o resultado de 3/5 + 2/3?', '3'),
  (234, 4, 'Multiplicando 3/4 por 1/2, qual o resultado?', '3'),
  (235, 4, 'Uma barra de chocolate foi dividida em 16 partes. Se Maria comeu 3/8 e João 1/4, quantas partes eles comeram juntos?', '3'),
  (236, 4, 'Qual número equivale a 75% em forma de fração irredutível?', '3'),
  (237, 4, 'Se 2/5 de uma sala está ocupada, e 1/4 foi reservada, quanto ainda está livre?', '3'),
  (238, 4, 'Qual o valor de 7/10 - 1/3?', '3'),
  (239, 4, 'Um time ganhou 3/8 dos jogos e empatou 1/4. Qual fração ele perdeu?', '3'),
  (240, 4, 'Qual a fração que representa 45 minutos de uma hora?', '3'),
  (241, 5, 'Qual é o resultado de 3 + (-2)?', '1'),
  (242, 5, 'Quanto é -4 + 7?', '1'),
  (243, 5, 'Qual é o resultado de -5 - 2?', '1'),
  (244, 5, 'Resolva: 2,5 + 1,5', '1'),
  (245, 5, 'Qual é o resultado de -3 + (-2)?', '1'),
  (246, 5, 'Resolva: 1/2 + 1/2', '1'),
  (247, 5, 'Quanto é 4 - 1,5?', '1'),
  (248, 5, 'Qual o valor de -6 + 6?', '1'),
  (249, 5, 'Qual é o resultado de 1/4 + 1/4?', '1'),
  (250, 5, 'Resolva: 0,5 × 2', '1'),
  (251, 5, 'Quanto é -2 × 3?', '1'),
  (252, 5, 'Qual é o resultado de 3 × (-1)?', '1'),
  (253, 5, 'Resolva: 2 ÷ 0,5', '1'),
  (254, 5, 'Quanto é -9 ÷ 3?', '1'),
  (255, 5, 'Qual é o resultado de -12 ÷ (-4)?', '1'),
  (256, 5, 'Resolva: 1/2 × 4', '1'),
  (257, 5, 'Qual é o valor de 3/4 + 1/4?', '1'),
  (258, 5, 'Quanto é 0,6 + 0,4?', '1'),
  (259, 5, 'Qual o resultado de -5 + 0?', '1'),
  (260, 5, 'Resolva: 10 ÷ 2', '1'),
  (261, 5, 'Se Ana tinha R$ 12,50 e gastou R$ 8,75, quanto sobrou?', '2'),
  (262, 5, 'Qual o valor de -3,5 + 1,2?', '2'),
  (263, 5, 'João percorreu -2,5 km pela manhã e 3,5 km à tarde. Qual a distância total percorrida?', '2'),
  (264, 5, 'Resolva: 1/2 + 2/3', '2'),
  (265, 5, 'Qual o resultado de -1,2 × 2,5?', '2'),
  (266, 5, 'Resolva: 5/6 - 1/3', '2'),
  (267, 5, 'Quanto é -7 ÷ 2?', '2'),
  (268, 5, 'Pedro deve R$ 15 e paga R$ 6. Qual seu saldo atual?', '2'),
  (269, 5, 'Resolva: 0,25 × 0,4', '2'),
  (270, 5, 'Quanto é -2/5 + 3/10?', '2'),
  (271, 5, 'Qual é o resultado de (-4) × (-0,5)?', '2'),
  (272, 5, 'Resolva: 1,25 - 2,75', '2'),
  (273, 5, 'Qual o resultado de 3/4 ÷ 1/2?', '2'),
  (274, 5, 'Se um produto custa R$ 18,90 e você paga R$ 50, qual o troco?', '2'),
  (275, 5, 'Resolva: 2,4 ÷ 0,2', '2'),
  (276, 5, 'Quanto é -3/4 - 1/4?', '2'),
  (277, 5, 'Joana comeu 2/5 de uma pizza e depois mais 1/5. Quanto ela comeu ao todo?', '2'),
  (278, 5, 'Se -2 × x = 6, qual o valor de x?', '2'),
  (279, 5, 'Qual o valor de 7/8 - 3/8?', '2'),
  (280, 5, 'Resolva: 1,2 + (-0,7)', '2'),
  (281, 5, 'João perdeu R$ 12,30 em um dia e ganhou R$ 7,45 no outro. Qual seu saldo?', '3'),
  (282, 5, 'Qual o resultado de (-3/4) + (2,5)?', '3'),
  (283, 5, 'Se Pedro caminha -1,5 km pela manhã e 2,7 km à tarde, qual a distância total?', '3'),
  (284, 5, 'Resolva: (2/3) + (-5/6)', '3'),
  (285, 5, 'Mariana tem R$ 12,60 e gasta 3/5 em livros. Quanto sobra?', '3'),
  (286, 5, 'Qual o resultado de (-2,5) × (-1,2)?', '3'),
  (287, 5, 'João tinha uma dívida de R$ 15, pagou R$ 10 e depois gastou mais R$ 5. Qual o saldo?', '3'),
  (288, 5, 'Resolva: (-3/4) ÷ (1/2)', '3'),
  (289, 5, 'Se (x ÷ 1/3) = -6, qual o valor de x?', '3'),
  (290, 5, 'André andou -4,8 km, depois 2,3 km. Qual a variação de deslocamento?', '3'),
  (291, 5, 'Qual o resultado de (5/8) - (3/4)?', '3'),
  (292, 5, 'Se 60% de um valor corresponde a R$ 18, qual é o valor total?', '3'),
  (293, 5, 'Resolva: (1/2) × (-4) + 2', '3'),
  (294, 5, 'Carlos tinha R$ 20, comprou dois itens de R$ 6,25 cada. Quanto restou?', '3'),
  (295, 5, 'Qual o valor de: (-2,5) + (-1,5) × 2?', '3'),
  (296, 5, 'Se (3/5) × x = 1,2, quanto vale x?', '3'),
  (297, 5, 'Resolva: (7/10) ÷ (1/5)', '3'),
  (298, 5, 'Um objeto custa R$ 18,90 e sofre desconto de R$ 7,45. Qual o preço final?', '3'),
  (299, 5, 'Qual o resultado de (-2/3) + (-1/6)?', '3'),
  (300, 5, 'Se -2 × x = 5, qual o valor de x?', '3'),
  (301, 6, 'Aproxime 47 para a dezena mais próxima.', '1'),
  (302, 6, 'Aproxime 183 para a centena mais próxima.', '1'),
  (303, 6, 'Qual a aproximação de 9 para a dezena mais próxima?', '1'),
  (304, 6, 'Aproxime 623 para a centena mais próxima.', '1'),
  (305, 6, 'Qual a centena mais próxima de 749?', '1'),
  (306, 6, 'Aproxime 3.276 para a milhar mais próxima.', '1'),
  (307, 6, 'Aproxime 865 para a centena mais próxima.', '1'),
  (308, 6, 'Aproxime 2.499 para a milhar mais próxima.', '1'),
  (309, 6, 'Aproxime 57 para a dezena mais próxima.', '1'),
  (310, 6, 'Aproxime 15 para a dezena mais próxima.', '1'),
  (311, 6, 'Qual a aproximação de 4.821 para a milhar mais próxima?', '1'),
  (312, 6, 'Aproxime 39 para a dezena mais próxima.', '1'),
  (313, 6, 'Aproxime 1.234 para a centena mais próxima.', '1'),
  (314, 6, 'Aproxime 98 para a dezena mais próxima.', '1'),
  (315, 6, 'Qual o múltiplo de 100 mais próximo de 1.890?', '1'),
  (316, 6, 'Aproxime 5.149 para a milhar mais próxima.', '1'),
  (317, 6, 'Aproxime 1.789 para a centena mais próxima.', '1'),
  (318, 6, 'Qual o milhar mais próximo de 6.700?', '1'),
  (319, 6, 'Aproxime 66 para a dezena mais próxima.', '1'),
  (320, 6, 'Qual o múltiplo de 10 mais próximo de 12?', '1'),
  (321, 6, 'Em uma loja, o preço de um produto é R$ 46,90. Qual é o valor arredondado para a dezena mais próxima?', '2'),
  (322, 6, 'Uma fábrica produziu 1.236 peças, mas algumas falharam. Aproximando para a centena mais próxima, qual o número de peças produzidas?', '2'),
  (323, 6, 'Uma empresa teve uma receita de R$ 2.743,15. Qual é o valor arredondado para o milhar mais próximo?', '2'),
  (324, 6, 'Você comprou 678 itens por R$ 678,45. Qual é o valor arredondado para a centena mais próxima?', '2'),
  (325, 6, 'O carro de João percorreu 3.650 km durante o mês. Qual é a aproximação para o milhar mais próximo?', '2'),
  (326, 6, 'Um supermercado vendeu 8.734 unidades de um produto no mês. Qual é o valor aproximado para a centena mais próxima?', '2'),
  (327, 6, 'Em uma maratona, a distância total percorrida foi de 42,195 km. Qual é a aproximação para a dezena mais próxima?', '2'),
  (328, 6, 'Um time de futebol teve 9.815 espectadores em um jogo. Aproximando para o milhar mais próximo, quantos espectadores foram?', '2'),
  (329, 6, 'Uma estrada tem 4.389 metros. Aproximando para a centena mais próxima, qual é o valor?', '2'),
  (330, 6, 'A empresa vendeu 12.435 unidades de um produto. Qual é o valor aproximado para o milhar mais próximo?', '2'),
  (331, 6, 'A média de tempo de trabalho semanal de um grupo é de 38,4 horas. Qual é o valor arredondado para a dezena mais próxima?', '2'),
  (332, 6, 'O orçamento da prefeitura para a construção de uma escola foi de R$ 1.245.567,89. Qual é o valor arredondado para o milhar?', '2'),
  (333, 6, 'O preço de um livro é R$ 17,30. Qual é o valor arredondado para a dezena mais próxima?', '2'),
  (334, 6, 'Uma fábrica produziu 8.671 peças. Qual é o valor aproximado para a centena mais próxima?', '2'),
  (335, 6, 'Em uma promoção, o preço de um produto foi de R$ 1.499,99. Qual é o valor arredondado para milhar?', '2'),
  (336, 6, 'Você tem R$ 45,67 e quer comprar um produto que custa R$ 49,90. Aproximando os valores para a dezena mais próxima, qual valor você tem?', '2'),
  (337, 6, 'O valor do aluguel mensal de um apartamento foi de R$ 1.238,90. Qual é o valor arredondado para a centena mais próxima?', '2'),
  (338, 6, 'Em uma pesquisa, a pontuação média de um time foi de 82,4 pontos. Qual a aproximação para a dezena mais próxima?', '2'),
  (339, 6, 'A distância entre duas cidades é de 246,78 km. Aproximando para a centena mais próxima, qual é a distância?', '2'),
  (340, 6, 'Durante um evento, compareceram 3.248 pessoas. Qual é o valor aproximado para a centena mais próxima?', '2'),
  (341, 6, 'Um produto custa R$ 1.378,25. Qual é o valor aproximado para o milhar mais próximo, levando em consideração a margem de erro de R$ 10,00?', '3'),
  (342, 6, 'Em uma pesquisa, a média de idade dos participantes é de 42,56 anos. Qual é a aproximação para a dezena mais próxima?', '3'),
  (343, 6, 'Um trem percorre 9.876 metros em 15 minutos. Qual a distância aproximada para a centena mais próxima, considerando o percurso total de 15 minutos?', '3'),
  (344, 6, 'A população de uma cidade cresceu de 234.789 para 251.812 habitantes em um ano. Qual a aproximação para o milhar mais próximo do crescimento populacional?', '3'),
  (345, 6, 'Um investimento inicial de R$ 12.564,45 teve um aumento de 18%. Qual o valor final aproximado, considerando um arredondamento para a centena mais próxima?', '3'),
  (346, 6, 'Em uma maratona, um atleta percorre 32.415 metros em 4 horas. Qual é a aproximação da distância percorrida para o milhar mais próximo?', '3'),
  (347, 6, 'Um projeto de construção custou R$ 4.832.736,98. Qual é o valor aproximado para o milhão mais próximo?', '3'),
  (348, 6, 'Uma pesquisa de mercado calculou que, em média, os consumidores gastam R$ 235,75 por mês em compras online. Qual é o valor aproximado para a dezena mais próxima?', '3'),
  (349, 6, 'Durante o mês de outubro, a temperatura média em uma cidade foi de 18,75°C. Qual é a aproximação para a dezena mais próxima?', '3'),
  (350, 6, 'A empresa X tem 11.653 funcionários e espera um aumento de 12,3%. Qual é a aproximação para o milhar mais próximo do número de novos funcionários?', '3'),
  (351, 6, 'O número de visitantes de um site foi de 75.543 durante a última semana. Qual é a aproximação para a centena mais próxima?', '3'),
  (352, 6, 'Uma carga de 2.487 kg foi transportada por 4 caminhões. Qual a média aproximada de carga por caminhão, arredondada para a centena mais próxima?', '3'),
  (353, 6, 'O valor da produção de uma fábrica foi de R$ 8.764.895,23. Qual é o valor aproximado para o milhão mais próximo?', '3'),
  (354, 6, 'Em uma escola, 582 alunos participaram de um concurso de matemática. Qual é a aproximação para a centena mais próxima?', '3'),
  (355, 6, 'A quantidade de energia gerada por uma usina é de 23.478 kWh. Qual é a aproximação para o milhar mais próximo?', '3'),
  (356, 6, 'Em uma pesquisa de opinião, 4.567 pessoas foram entrevistadas. Qual é a aproximação para a centena mais próxima?', '3'),
  (357, 6, 'A estimativa de vendas para o próximo trimestre de uma empresa é de R$ 9.384.276,52. Qual é o valor arredondado para o milhão mais próximo?', '3'),
  (358, 6, 'A produção diária de uma fábrica é de 3.965 unidades. Qual é a aproximação para a centena mais próxima?', '3'),
  (359, 6, 'Uma estrada tem uma extensão de 35.787 metros. Qual é a aproximação para o milhar mais próximo?', '3'),
  (360, 6, 'O número de livros vendidos por uma livraria foi de 123.478. Qual é a aproximação para a centena mais próxima?', '3'),
  (361, 7, 'Qual é 10% de 50?', '1'),
  (362, 7, 'Se você tem R$ 200,00 e ganha 25% de comissão sobre vendas, quanto você recebe?', '1'),
  (363, 7, 'Se um produto custa R$ 80,00 e recebe um desconto de 10%, qual será o preço final?', '1'),
  (364, 7, 'Em uma classe de 40 alunos, 25% estão ausentes. Quantos alunos estão ausentes?', '1'),
  (365, 7, 'Uma loja oferece 15% de desconto em um produto que custa R$ 200,00. Qual será o valor do desconto?', '1'),
  (366, 7, 'Qual é 50% de R$ 180,00?', '1'),
  (367, 7, 'Se um aluno tirou 80% de acertos em um teste com 50 questões, quantas questões ele acertou?', '1'),
  (368, 7, 'Um produto custa R$ 60,00 e é vendido com 20% de lucro. Qual é o preço de venda?', '1'),
  (369, 7, 'Em uma pesquisa, 60% dos participantes são mulheres. Se houver 200 participantes, quantas mulheres participaram?', '1'),
  (370, 7, 'Se um salário de R$ 1.000,00 recebe um aumento de 10%, qual será o novo valor?', '1'),
  (371, 7, 'Qual é 25% de R$ 240,00?', '1'),
  (372, 7, 'Em uma corrida, 30% dos participantes desistiram. Se havia 500 participantes, quantos desistiram?', '1'),
  (373, 7, 'Qual é 15% de R$ 300,00?', '1'),
  (374, 7, 'Se um produto custa R$ 150,00 e recebe 5% de imposto, qual será o valor do imposto?', '1'),
  (375, 7, 'Em um time de futebol, 20% dos jogadores são atacantes. Se o time tem 22 jogadores, quantos são atacantes?', '1'),
  (376, 7, 'Se um estudante tem 18 anos e sua idade representa 30% da idade total da turma, qual é a idade total da turma?', '1'),
  (377, 7, 'Qual é 40% de R$ 500,00?', '1'),
  (378, 7, 'Um vendedor ganha 12% de comissão sobre as vendas. Se ele vendeu R$ 2.500,00, qual será a comissão?', '1'),
  (379, 7, 'Em uma pesquisa, 20% dos entrevistados preferem o produto A. Se 250 pessoas foram entrevistadas, quantas preferem o produto A?', '1'),
  (380, 7, 'Um produto custa R$ 600,00 e recebe um desconto de 25%. Qual será o valor do produto com o desconto?', '2'),
  (381, 7, 'Em uma empresa, 40% dos funcionários são mulheres. Se a empresa tem 250 funcionários, quantas mulheres trabalham na empresa?', '2'),
  (382, 7, 'Se você tem R$ 450,00 e gasta 15% desse valor com compras, quanto você gastou?', '2'),
  (383, 7, 'Uma loja fez um aumento de 12% no preço de um produto que custava R$ 350,00. Qual é o novo preço do produto?', '2'),
  (384, 7, 'Se um aluno obteve 70% de acerto em uma prova com 80 questões, quantas questões ele acertou?', '2'),
  (385, 7, 'Em um investimento, você recebe 8% de juros ao ano sobre R$ 5.000,00. Qual será o valor dos juros após 1 ano?', '2'),
  (386, 7, 'O valor de um produto foi reduzido de R$ 1.000,00 para R$ 800,00. Qual foi o percentual de desconto?', '2'),
  (387, 7, 'Em uma competição, 35% dos participantes são mulheres. Se 200 pessoas participaram, quantas são mulheres?', '2'),
  (388, 7, 'Qual é o valor total, incluindo 25% de imposto, de um produto que custa R$ 400,00?', '2'),
  (389, 7, 'Em uma loja, um produto custa R$ 180,00. Se houver um desconto de 15%, qual será o preço final?', '2'),
  (390, 7, 'Se um salário é R$ 2.500,00 e o aumento é de 8%, qual será o novo salário?', '2'),
  (391, 7, 'Se um produto custa R$ 320,00 e recebe um acréscimo de 18%, qual será o preço final?', '2'),
  (392, 7, 'Em uma pesquisa, 75% dos entrevistados preferem o produto B. Se 400 pessoas foram entrevistadas, quantas preferem o produto B?', '2'),
  (393, 7, 'Se um imóvel custa R$ 800.000,00 e recebe um desconto de 10%, qual será o valor com desconto?', '2'),
  (394, 7, 'Você fez um empréstimo de R$ 5.000,00 e a taxa de juros é de 20%. Qual será o valor total a ser pago após 1 ano?', '2'),
  (395, 7, 'Uma turma de 40 alunos fez uma prova. Se 45% dos alunos tiraram nota acima de 8, quantos alunos tiveram essa nota?', '2'),
  (396, 7, 'Se um item custa R$ 150,00 e é dado um desconto de 18%, qual é o valor com desconto?', '2'),
  (397, 7, 'Em uma venda, o vendedor ganha uma comissão de 8% sobre o valor da venda. Se ele vendeu R$ 4.000,00, qual será o valor da comissão?', '2'),
  (398, 7, 'Se o preço de uma passagem de ônibus é R$ 5,00 e recebe um aumento de 10%, qual será o novo preço?', '2'),
  (399, 7, 'Em uma cidade, 20% dos habitantes possuem carro. Se a população é de 1.000.000, quantos habitantes possuem carro?', '2'),
  (400, 7, 'Em uma empresa, o preço de venda de um produto foi aumentado em 25%, mas depois foi aplicado um desconto de 20% sobre o preço já aumentado. Se o preço inicial do produto era R$ 500,00, qual é o preço final?', '3'),
  (401, 7, 'Se o preço de um produto aumenta 10% ao ano durante 3 anos consecutivos, qual será o aumento percentual total ao final desse período?', '3'),
  (402, 7, 'Um produto custa R$ 300,00. Se ele sofre uma redução de 15% e depois um aumento de 10% sobre o novo preço, qual é o preço final do produto?', '3'),
  (403, 7, 'Se uma dívida de R$ 8.000,00 recebe um juros simples de 20% ao ano, qual será o valor da dívida após 3 anos?', '3'),
  (404, 7, 'Um produto custa R$ 120,00. Ele sofre uma redução de 10% no primeiro mês, uma redução de 5% no segundo mês e um aumento de 8% no terceiro mês. Qual é o preço final?', '3'),
  (405, 7, 'Se o preço de um produto foi reduzido em 30% e, em seguida, foi aumentado em 30%, qual será o preço final se o preço inicial era R$ 600,00?', '3'),
  (406, 7, 'A população de uma cidade de 200.000 habitantes cresceu 10% no primeiro ano, 8% no segundo ano e 5% no terceiro ano. Qual foi o aumento total da população após os três anos?', '3'),
  (407, 7, 'Em uma empresa, 15% dos empregados foram promovidos e, desses, 50% receberam um aumento de 25%. Se a empresa possui 400 funcionários, quantos funcionários receberam o aumento de 25%?', '3'),
  (408, 7, 'O preço de um produto sofreu um aumento de 50% e depois foi reduzido em 40%. Se o preço inicial do produto era R$ 1.000,00, qual é o preço final?', '3'),
  (409, 7, 'O preço de uma televisão foi reduzido em 15%, e depois, após dois meses, sofreu um aumento de 25%. Qual será o preço final de um produto que custa inicialmente R$ 1.200,00?', '3'),
  (410, 7, 'Uma dívida de R$ 10.000,00 sofre uma taxa de juros composta de 5% ao mês durante 6 meses. Qual será o valor final da dívida?', '3'),
  (411, 7, 'Um número de 5 dígitos é 30% maior do que outro número. Qual é o valor do aumento em relação ao primeiro número se o segundo número for 10.000?', '3'),
  (412, 7, 'Em uma loja, um cliente comprou um produto por R$ 400,00. Durante a promoção, o preço foi reduzido em 15%, e depois um novo desconto de 20% foi aplicado. Qual foi o valor final do produto?', '3'),
  (413, 7, 'Se o preço de um produto foi aumentado em 20%, depois de 3 meses foi reduzido em 10%, e no 6º mês foi aumentado em 15%. Se o preço inicial era R$ 500,00, qual é o preço final?', '3'),
  (414, 7, 'Em uma promoção, o valor de um produto de R$ 1.000,00 foi reduzido em 25%, e depois sofreu uma redução de 10% sobre o preço com desconto. Qual é o preço final?', '3'),
  (415, 7, 'Um fundo de investimento rende 12% ao ano composto. Se uma pessoa investir R$ 10.000,00, qual será o valor do investimento após 5 anos?', '3'),
  (416, 7, 'O salário de um funcionário foi reduzido em 10% no primeiro mês, 5% no segundo mês e depois foi aumentado em 12%. Se o salário inicial era R$ 2.500,00, qual é o salário final?', '3'),
  (417, 7, 'Se o preço de um item foi reduzido em 10%, depois foi aumentado em 20% e, por último, foi reduzido em 15%, qual será o preço final de um produto que custava R$ 1.000,00?', '3'),
  (418, 7, 'Uma empresa aumentou o preço de um produto em 20%, mas depois o preço foi reduzido em 10%. Se o preço inicial era R$ 500,00, qual é o preço final?', '3'),
  (419, 7, 'Se um número foi aumentada em 30% e depois houve uma redução de 25%, qual foi a variação percentual total em relação ao valor inicial?', '3');

-- ===== alternativa (1ª opção é a correta) =====
INSERT IGNORE INTO alternativa (id_quiz, texto, eh_correta) VALUES
  (1, 'Trezentos e sete', 1),
  (1, 'Trinta e sete', 0),
  (1, 'Setecentos e três', 0),
  (1, 'Trezentos mil e sete', 0),
  (2, '400', 1),
  (2, '398', 0),
  (2, '402', 0),
  (2, '401,5', 0),
  (3, '5.000', 1),
  (3, '500', 0),
  (3, '50', 0),
  (3, '5', 0),
  (4, '3,25', 1),
  (4, '3,052', 0),
  (4, 'São iguais', 0),
  (4, '3,0525', 0),
  (5, '2,50', 1),
  (5, '2,05', 0),
  (5, '0,25', 0),
  (5, '25', 0),
  (6, '37', 1),
  (6, '73', 0),
  (6, '30,7', 0),
  (6, '307', 0),
  (7, '2.000', 1),
  (7, '200', 0),
  (7, '20', 0),
  (7, '2', 0),
  (8, 'Quatrocentos e oitenta', 1),
  (8, 'Quatro mil e oitenta', 0),
  (8, 'Quatrocentos e oito', 0),
  (8, 'Quatro mil e oitocentos', 0),
  (9, '0,3', 1),
  (9, '0,75', 0),
  (9, '0,9', 0),
  (9, '1,5', 0),
  (10, '1,25', 1),
  (10, '12,5', 0),
  (10, '0,125', 0),
  (10, '1,05', 0),
  (11, '900', 1),
  (11, '899,1', 0),
  (11, '901', 0),
  (11, '890', 0),
  (12, '60', 1),
  (12, '600', 0),
  (12, '6', 0),
  (12, '2', 0),
  (13, '2,9', 1),
  (13, '2,2', 0),
  (13, '2,01', 0),
  (13, '2,5', 0),
  (14, '904', 1),
  (14, '940', 0),
  (14, '409', 0),
  (14, '490', 0),
  (15, '5,4', 1),
  (15, '54', 0),
  (15, '0,54', 0),
  (15, '4,5', 0),
  (16, '0,78', 1),
  (16, '7,8', 0),
  (16, '78', 0),
  (16, '0,87', 0),
  (17, '3.205', 1),
  (17, '3.025', 0),
  (17, '3.520', 0),
  (17, '2.305', 0),
  (18, '3,6', 1),
  (18, '36', 0),
  (18, '0,36', 0),
  (18, '6,3', 0),
  (19, '0,99', 1),
  (19, '9,9', 0),
  (19, '0,909', 0),
  (19, '99', 0),
  (20, '400', 1),
  (20, '40', 0),
  (20, '4.000', 0),
  (20, '4', 0),
  (21, '4,38', 1),
  (21, '4,83', 0),
  (21, '4,308', 0),
  (21, '43,8', 0),
  (22, '2,354', 1),
  (22, '2,345', 0),
  (22, 'São iguais', 0),
  (22, '2,453', 0),
  (23, '700', 1),
  (23, '7.000', 0),
  (23, '70', 0),
  (23, '7', 0),
  (24, '12,07', 1),
  (24, '12,7', 0),
  (24, '1,27', 0),
  (24, '12,70', 0),
  (25, '0,1', 1),
  (25, '0,01', 0),
  (25, '1,0', 0),
  (25, '10', 0),
  (26, '0,305', 1),
  (26, '0,35', 0),
  (26, '0,53', 0),
  (26, '0,3', 0),
  (27, '1,2 - 1,23 - 1,3', 1),
  (27, '1,23 - 1,2 - 1,3', 0),
  (27, '1,3 - 1,2 - 1,23', 0),
  (27, '1,2 - 1,3 - 1,23', 0),
  (28, '3,125', 1),
  (28, '3,0125', 0),
  (28, '31,25', 0),
  (28, '3,25', 0),
  (29, '2,006', 1),
  (29, '2,6', 0),
  (29, '2,06', 0),
  (29, '2,0006', 0),
  (30, '3.294', 1),
  (30, '9.003', 0),
  (30, '294,1', 0),
  (30, '2.940', 0),
  (31, '604,5', 1),
  (31, '640,5', 0),
  (31, '460,5', 0),
  (31, '6.045', 0),
  (32, '0,05', 1),
  (32, '0,5', 0),
  (32, '0,5', 0),
  (32, '0,05', 0),
  (33, '2,1', 1),
  (33, '2,01', 0),
  (33, '2,001', 0),
  (33, 'São iguais', 0),
  (34, '3', 1),
  (34, '2', 0),
  (34, '4', 0),
  (34, '1', 0),
  (35, '2,5', 1),
  (35, '25', 0),
  (35, '0,25', 0),
  (35, '2,05', 0),
  (36, '300', 1),
  (36, '3.000', 0),
  (36, '30', 0),
  (36, '3', 0),
  (37, '4,5 - 4,25 - 4,1', 1),
  (37, '4,1 - 4,25 - 4,5', 0),
  (37, '4,25 - 4,1 - 4,5', 0),
  (37, '4,1 - 4,5 - 4,25', 0),
  (38, '9/10', 1),
  (38, '1/9', 0),
  (38, '90/100', 0),
  (38, '1/10', 0),
  (39, '429,3', 1),
  (39, '492,3', 0),
  (39, '924,3', 0),
  (39, '249,3', 0),
  (40, '5.008', 1),
  (40, '2.308', 0),
  (40, '32.008', 0),
  (40, '2.038', 0),
  (41, '3,067', 1),
  (41, '3,67', 0),
  (41, '3,76', 0),
  (41, '3,0076', 0),
  (42, '1,35', 1),
  (42, '1,32', 0),
  (42, '1,28', 0),
  (42, '1,31', 0),
  (43, '4,09', 1),
  (43, '0,9', 0),
  (43, '9,0', 0),
  (43, '4,9', 0),
  (44, '0,4104', 1),
  (44, '0,411', 0),
  (44, '0,0456', 0),
  (44, '0,4004', 0),
  (45, '3,75', 1),
  (45, '0,375', 0),
  (45, '37,5', 0),
  (45, '3,057', 0),
  (46, '5/8', 1),
  (46, '3/5', 0),
  (46, '6/10', 0),
  (46, '7/8', 0),
  (47, '1,999', 1),
  (47, '2', 0),
  (47, '2,001', 0),
  (47, 'Todos são iguais', 0),
  (48, '3,207', 1),
  (48, '3,072', 0),
  (48, '3,720', 0),
  (48, '2,703', 0),
  (49, '4', 1),
  (49, '2', 0),
  (49, '3', 0),
  (49, '5', 0),
  (50, '4 unidades, 2 décimos, 0 centésimos e 8 milésimos', 1),
  (50, '4 dezenas, 2 unidades e 8 décimos', 0),
  (50, '4 centenas, 20 unidades e 8 milésimos', 0),
  (50, '4 unidades e 208 milésimos', 0),
  (51, '2,304', 1),
  (51, '2,34', 0),
  (51, '2,034', 0),
  (51, '2,43', 0),
  (52, '0,45 - 0,504 - 0,55', 1),
  (52, '0,504 - 0,45 - 0,55', 0),
  (52, '0,55 - 0,504 - 0,45', 0),
  (52, '0,504 - 0,55 - 0,45', 0),
  (53, '0,009', 1),
  (53, '0,099', 0),
  (53, '0,109', 0),
  (53, '0,001', 0),
  (54, 'Centésimos', 1),
  (54, 'Décimos', 0),
  (54, 'Milésimos', 0),
  (54, 'Unidades', 0),
  (55, '7/8', 1),
  (55, '3/4', 0),
  (55, '6/7', 0),
  (55, '5/6', 0),
  (56, '0,0001', 1),
  (56, '0,001', 0),
  (56, '0,01', 0),
  (56, '0,1', 0),
  (57, '3,499', 1),
  (57, '3,45', 0),
  (57, '3,59', 0),
  (57, '3,41', 0),
  (58, '3,378', 1),
  (58, '3,383', 0),
  (58, '3,503', 0),
  (58, '3,478', 0),
  (59, 'Sete inteiros e duzentos e quatro milésimos', 1),
  (59, 'Sete inteiros e vinte e quatro centésimos', 0),
  (59, 'Setenta inteiros e quatro centésimos', 0),
  (59, 'Sete mil e duzentos e quatro décimos', 0),
  (60, 'Achar que 0,8 < 0,75 porque 75 é maior que 8', 1),
  (60, 'Achar que 0,8 > 0,75', 0),
  (60, 'Comparar os valores da esquerda para a direita', 0),
  (60, 'Adicionar zeros à direita do número decimal', 0),
  (61, '42', 1),
  (61, '43', 0),
  (61, '41', 0),
  (61, '44', 0),
  (62, '72', 1),
  (62, '82', 0),
  (62, '78', 0),
  (62, '68', 0),
  (63, '42', 1),
  (63, '36', 0),
  (63, '48', 0),
  (63, '52', 0),
  (64, '9', 1),
  (64, '8', 0),
  (64, '7', 0),
  (64, '10', 0),
  (65, '25', 1),
  (65, '10', 0),
  (65, '15', 0),
  (65, '20', 0),
  (66, '6', 1),
  (66, '5', 0),
  (66, '4', 0),
  (66, '7', 0),
  (67, '15', 1),
  (67, '13', 0),
  (67, '14', 0),
  (67, '16', 0),
  (68, '0', 1),
  (68, '6', 0),
  (68, '1', 0),
  (68, '36', 0),
  (69, '81', 1),
  (69, '72', 0),
  (69, '99', 0),
  (69, '91', 0),
  (70, '73', 1),
  (70, '77', 0),
  (70, '63', 0),
  (70, '83', 0),
  (71, '10', 1),
  (71, '5', 0),
  (71, '15', 0),
  (71, '8', 0),
  (72, '40', 1),
  (72, '35', 0),
  (72, '30', 0),
  (72, '45', 0),
  (73, '9', 1),
  (73, '6', 0),
  (73, '3', 0),
  (73, '12', 0),
  (74, '11', 1),
  (74, '10', 0),
  (74, '12', 0),
  (74, '13', 0),
  (75, '20', 1),
  (75, '18', 0),
  (75, '22', 0),
  (75, '21', 0),
  (76, '8', 1),
  (76, '6', 0),
  (76, '9', 0),
  (76, '7', 0),
  (77, '12', 1),
  (77, '7', 0),
  (77, '10', 0),
  (77, '9', 0),
  (78, '25', 1),
  (78, '20', 0),
  (78, '15', 0),
  (78, '30', 0),
  (79, '16', 1),
  (79, '8', 0),
  (79, '12', 0),
  (79, '14', 0),
  (80, '45', 1),
  (80, '40', 0),
  (80, '35', 0),
  (80, '50', 0),
  (81, '11', 1),
  (81, '10', 0),
  (81, '12', 0),
  (81, '9', 0),
  (82, '336', 1),
  (82, '322', 0),
  (82, '348', 0),
  (82, '308', 0),
  (83, '1728', 1),
  (83, '1440', 0),
  (83, '1300', 0),
  (83, '1800', 0),
  (84, '12', 1),
  (84, '13', 0),
  (84, '11', 0),
  (84, '14', 0),
  (85, '875', 1),
  (85, '900', 0),
  (85, '850', 0),
  (85, '800', 0),
  (86, '200', 1),
  (86, '150', 0),
  (86, '100', 0),
  (86, '250', 0),
  (87, '5', 1),
  (87, '4', 0),
  (87, '6', 0),
  (87, '7', 0),
  (88, '8', 1),
  (88, '6', 0),
  (88, '9', 0),
  (88, '7', 0),
  (89, '40', 1),
  (89, '35', 0),
  (89, '45', 0),
  (89, '50', 0),
  (90, '150', 1),
  (90, '175', 0),
  (90, '130', 0),
  (90, '120', 0),
  (91, '225', 1),
  (91, '150', 0),
  (91, '200', 0),
  (91, '175', 0),
  (92, '5', 1),
  (92, '4', 0),
  (92, '6', 0),
  (92, '8', 0),
  (93, '216', 1),
  (93, '125', 0),
  (93, '150', 0),
  (93, '200', 0),
  (94, '50', 1),
  (94, '55', 0),
  (94, '40', 0),
  (94, '45', 0),
  (95, '5', 1),
  (95, '6', 0),
  (95, '7', 0),
  (95, '4', 0),
  (96, '9', 1),
  (96, '6', 0),
  (96, '12', 0),
  (96, '8', 0),
  (97, '72', 1),
  (97, '68', 0),
  (97, '75', 0),
  (97, '70', 0),
  (98, '5', 1),
  (98, '6', 0),
  (98, '4', 0),
  (98, '3', 0),
  (99, '1000', 1),
  (99, '900', 0),
  (99, '800', 0),
  (99, '1100', 0),
  (100, '8', 1),
  (100, '9', 0),
  (100, '7', 0),
  (100, '6', 0),
  (101, '7', 1),
  (101, '8', 0),
  (101, '6', 0),
  (101, '5', 0),
  (102, '6594', 1),
  (102, '6534', 0),
  (102, '6741', 0),
  (102, '6700', 0),
  (103, '25', 1),
  (103, '24', 0),
  (103, '20', 0),
  (103, '30', 0),
  (104, '512', 1),
  (104, '576', 0),
  (104, '488', 0),
  (104, '450', 0),
  (105, '2', 1),
  (105, '3', 0),
  (105, '4', 0),
  (105, '5', 0),
  (106, '13', 1),
  (106, '14', 0),
  (106, '12', 0),
  (106, '15', 0),
  (107, '11', 1),
  (107, '12', 0),
  (107, '10', 0),
  (107, '13', 0),
  (108, '32', 1),
  (108, '31', 0),
  (108, '33', 0),
  (108, '30', 0),
  (109, '74', 1),
  (109, '64', 0),
  (109, '69', 0),
  (109, '79', 0),
  (110, '32', 1),
  (110, '31', 0),
  (110, '33', 0),
  (110, '35', 0),
  (111, '12', 1),
  (111, '13', 0),
  (111, '14', 0),
  (111, '15', 0),
  (112, '100', 1),
  (112, '110', 0),
  (112, '90', 0),
  (112, '95', 0),
  (113, '2197', 1),
  (113, '2050', 0),
  (113, '2200', 0),
  (113, '2100', 0),
  (114, '225', 1),
  (114, '200', 0),
  (114, '250', 0),
  (114, '275', 0),
  (115, '729', 1),
  (115, '720', 0),
  (115, '740', 0),
  (115, '710', 0),
  (116, '245', 1),
  (116, '240', 0),
  (116, '250', 0),
  (116, '230', 0),
  (117, '5220', 1),
  (117, '5200', 0),
  (117, '5300', 0),
  (117, '5250', 0),
  (118, '14', 1),
  (118, '12', 0),
  (118, '15', 0),
  (118, '13', 0),
  (119, '225', 1),
  (119, '200', 0),
  (119, '250', 0),
  (119, '275', 0),
  (120, '25', 1),
  (120, '22', 0),
  (120, '30', 0),
  (120, '28', 0),
  (121, '7', 1),
  (121, '9', 0),
  (121, '10', 0),
  (121, '12', 0),
  (122, '8', 1),
  (122, '3', 0),
  (122, '5', 0),
  (122, '7', 0),
  (123, '4', 1),
  (123, '11', 0),
  (123, '17', 0),
  (123, '23', 0),
  (124, '13', 1),
  (124, '6', 0),
  (124, '9', 0),
  (124, '15', 0),
  (125, '19', 1),
  (125, '21', 0),
  (125, '25', 0),
  (125, '27', 0),
  (126, '12', 1),
  (126, '11', 0),
  (126, '13', 0),
  (126, '17', 0),
  (127, '2', 1),
  (127, '1', 0),
  (127, '0', 0),
  (127, '4', 0),
  (128, '3, 5, 7', 1),
  (128, '2, 4, 6', 0),
  (128, '6, 8, 10', 0),
  (128, '9, 15, 21', 0),
  (129, '10', 1),
  (129, '5', 0),
  (129, '7', 0),
  (129, '11', 0),
  (130, 'composto', 1),
  (130, 'primo', 0),
  (130, 'ímpar e primo', 0),
  (130, 'não pode ser classificado', 0),
  (131, '17', 1),
  (131, '18', 0),
  (131, '20', 0),
  (131, '21', 0),
  (132, '5', 1),
  (132, '6', 0),
  (132, '9', 0),
  (132, '10', 0),
  (133, 'tem mais de dois divisores', 1),
  (133, 'é múltiplo de 15', 0),
  (133, 'é ímpar', 0),
  (133, 'é menor que 20', 0),
  (134, '29', 1),
  (134, '30', 0),
  (134, '32', 0),
  (134, '33', 0),
  (135, 'composto', 1),
  (135, 'primo', 0),
  (135, 'ímpar', 0),
  (135, 'nulo', 0),
  (136, '16', 1),
  (136, '3', 0),
  (136, '7', 0),
  (136, '13', 0),
  (137, '23', 1),
  (137, '24', 0),
  (137, '25', 0),
  (137, '26', 0),
  (138, '2', 1),
  (138, '3', 0),
  (138, '4', 0),
  (138, '5', 0),
  (139, 'não primo nem composto', 1),
  (139, 'primo', 0),
  (139, 'composto', 0),
  (139, 'par', 0),
  (140, '4', 1),
  (140, '2', 0),
  (140, '3', 0),
  (140, '5', 0),
  (141, '23', 1),
  (141, '24', 0),
  (141, '25', 0),
  (141, '26', 0),
  (142, '37', 1),
  (142, '33', 0),
  (142, '35', 0),
  (142, '39', 0),
  (143, '4', 1),
  (143, '2', 0),
  (143, '5', 0),
  (143, '6', 0),
  (144, '5', 1),
  (144, '3', 0),
  (144, '4', 0),
  (144, '6', 0),
  (145, '6', 1),
  (145, '2', 0),
  (145, '3', 0),
  (145, '5', 0),
  (146, 'é divisível por 3 e 9', 1),
  (146, 'é ímpar', 0),
  (146, 'é maior que 25', 0),
  (146, 'é menor que 30', 0),
  (147, '7 × 1', 1),
  (147, '6 × 2', 0),
  (147, '9 × 3', 0),
  (147, '8 × 1', 0),
  (148, '19', 1),
  (148, '18', 0),
  (148, '17', 0),
  (148, '16', 0),
  (149, '11', 1),
  (149, '12', 0),
  (149, '14', 0),
  (149, '15', 0),
  (150, '5', 1),
  (150, '2', 0),
  (150, '4', 0),
  (150, '6', 0),
  (151, '4 e 6', 1),
  (151, '2 e 3', 0),
  (151, '5 e 7', 0),
  (151, '11 e 13', 0),
  (152, 'é divisível por 3 e 7', 1),
  (152, 'é ímpar', 0),
  (152, 'é maior que 20', 0),
  (152, 'é múltiplo de 10', 0),
  (153, 'é múltiplo de 7', 1),
  (153, 'é ímpar', 0),
  (153, 'tem dois dígitos iguais', 0),
  (153, 'é maior que 40', 0),
  (154, '17', 1),
  (154, '14', 0),
  (154, '15', 0),
  (154, '16', 0),
  (155, '17', 1),
  (155, '9', 0),
  (155, '12', 0),
  (155, '15', 0),
  (156, '2', 1),
  (156, '3', 0),
  (156, '4', 0),
  (156, '5', 0),
  (157, 'primo', 1),
  (157, 'composto', 0),
  (157, 'ímpar', 0),
  (157, 'par', 0),
  (158, 'é par e divisível por 11', 1),
  (158, 'é maior que 20', 0),
  (158, 'é múltiplo de 10', 0),
  (158, 'tem dois dígitos', 0),
  (159, '31', 1),
  (159, '33', 0),
  (159, '35', 0),
  (159, '39', 0),
  (160, '12 (5 + 7)', 1),
  (160, '10 (4 + 6)', 0),
  (160, '9 (3 + 6)', 0),
  (160, '8 (2 + 6)', 0),
  (161, '17', 1),
  (161, '21', 0),
  (161, '31', 0),
  (161, '11', 0),
  (162, '15', 1),
  (162, '13', 0),
  (162, '7', 0),
  (162, '19', 0),
  (163, '47', 1),
  (163, '49', 0),
  (163, '51', 0),
  (163, '53', 0),
  (164, '12', 1),
  (164, '5', 0),
  (164, '7', 0),
  (164, '11', 0),
  (165, 'par e composto', 1),
  (165, 'ímpar e primo', 0),
  (165, 'par e primo', 0),
  (165, 'ímpar e composto', 0),
  (166, 'composto', 1),
  (166, 'primo', 0),
  (166, 'ímpar', 0),
  (166, 'inclassificável', 0),
  (167, '11 e 13', 1),
  (167, '9 e 11', 0),
  (167, '13 e 15', 0),
  (167, '15 e 17', 0),
  (168, '12', 1),
  (168, '6', 0),
  (168, '9', 0),
  (168, '15', 0),
  (169, '6', 1),
  (169, '4', 0),
  (169, '3', 0),
  (169, '5', 0),
  (170, '131', 1),
  (170, '121', 0),
  (170, '1511', 0),
  (170, '1331', 0),
  (171, '97', 1),
  (171, '91', 0),
  (171, '93', 0),
  (171, '99', 0),
  (172, 'par e composta', 1),
  (172, 'primo', 0),
  (172, 'zero', 0),
  (172, 'ímpar e par', 0),
  (173, '1', 1),
  (173, '0', 0),
  (173, '2', 0),
  (173, '3', 0),
  (174, 'quadrado de um primo', 1),
  (174, 'número primo', 0),
  (174, 'composto com três fatores primos', 0),
  (174, 'ímpar e múltiplo de três', 0),
  (175, 'é divisível por 7 e 13', 1),
  (175, 'é ímpar e maior que 90', 0),
  (175, 'não é par', 0),
  (175, 'não é múltiplo de 10', 0),
  (176, '5', 1),
  (176, '10', 0),
  (176, '20', 0),
  (176, '25', 0),
  (177, '30', 1),
  (177, '12', 0),
  (177, '18', 0),
  (177, '24', 0),
  (178, '7 e 2', 1),
  (178, '5 e 3', 0),
  (178, '11 e 5', 0),
  (178, '13 e 7', 0),
  (179, '97', 1),
  (179, '91', 0),
  (179, '93', 0),
  (179, '95', 0),
  (180, 'ímpar e composto', 1),
  (180, 'par e primo', 0),
  (180, 'ímpar e primo', 0),
  (180, 'composto e divisível por 2', 0),
  (181, '1/2', 1),
  (181, '2/2', 0),
  (181, '3/4', 0),
  (181, '1/3', 0),
  (182, '1/2', 1),
  (182, '3/4', 0),
  (182, '2/3', 0),
  (182, '1/4', 0),
  (183, '3/4', 1),
  (183, '1/4', 0),
  (183, '1/3', 0),
  (183, '2/4', 0),
  (184, '1', 1),
  (184, '1/2', 0),
  (184, '2', 0),
  (184, '3/4', 0),
  (185, '1/2', 1),
  (185, '2/4', 0),
  (185, '3/4', 0),
  (185, '1/4', 0),
  (186, '1/4', 1),
  (186, '3/4', 0),
  (186, '2/3', 0),
  (186, '4/5', 0),
  (187, '1/2', 1),
  (187, '3/4', 0),
  (187, '2/4', 0),
  (187, '5/8', 0),
  (188, '3', 1),
  (188, '2', 0),
  (188, '4', 0),
  (188, '6', 0),
  (189, '2', 1),
  (189, '4', 0),
  (189, '1', 0),
  (189, '3', 0),
  (190, '1/3', 1),
  (190, '1/4', 0),
  (190, '3/4', 0),
  (190, '2/3', 0),
  (191, '1/2', 1),
  (191, '1/4', 0),
  (191, '3/4', 0),
  (191, '2/3', 0),
  (192, '3/4', 1),
  (192, '1/2', 0),
  (192, '2/5', 0),
  (192, '1/3', 0),
  (193, '1/5', 1),
  (193, '1/4', 0),
  (193, '1/3', 0),
  (193, '1/2', 0),
  (194, '3/8', 1),
  (194, '1/8', 0),
  (194, '4/8', 0),
  (194, '5/8', 0),
  (195, '1/2', 1),
  (195, '2/5', 0),
  (195, '3/4', 0),
  (195, '5/8', 0),
  (196, '3/5', 1),
  (196, '1/5', 0),
  (196, '2/10', 0),
  (196, '4/5', 0),
  (197, '5', 1),
  (197, '2', 0),
  (197, '3', 0),
  (197, '4', 0),
  (198, '5/10', 1),
  (198, '1/5', 0),
  (198, '2/10', 0),
  (198, '3/10', 0),
  (199, '3/4', 1),
  (199, '1/2', 0),
  (199, '2/4', 0),
  (199, '1/3', 0),
  (200, '4', 1),
  (200, '2', 0),
  (200, '3', 0),
  (200, '5', 0),
  (201, '5/6', 1),
  (201, '3/6', 0),
  (201, '1/2', 0),
  (201, '2/6', 0),
  (202, '3/4', 1),
  (202, '2/3', 0),
  (202, '5/6', 0),
  (202, '4/5', 0),
  (203, '3/5', 1),
  (203, '1/2', 0),
  (203, '2/4', 0),
  (203, '4/5', 0),
  (204, '2/3', 1),
  (204, '3/5', 0),
  (204, 'São iguais', 0),
  (204, 'Não é possível comparar', 0),
  (205, '3/6', 1),
  (205, '2/6', 0),
  (205, '1/3', 0),
  (205, '4/6', 0),
  (206, '1/4', 1),
  (206, '2/4', 0),
  (206, '1/2', 0),
  (206, '3/8', 0),
  (207, '3/8', 1),
  (207, '2/8', 0),
  (207, '5/5', 0),
  (207, '3/5', 0),
  (208, '6', 1),
  (208, '5', 0),
  (208, '4', 0),
  (208, '3', 0),
  (209, '3/4', 1),
  (209, '1/2', 0),
  (209, '2/4', 0),
  (209, '1/3', 0),
  (210, '1/2', 1),
  (210, '3/4', 0),
  (210, '2/3', 0),
  (210, '5/10', 0),
  (211, '5/10', 1),
  (211, '4/10', 0),
  (211, '3/5', 0),
  (211, '2/5', 0),
  (212, '2/7', 1),
  (212, '3/5', 0),
  (212, '1/2', 0),
  (212, '5/6', 0),
  (213, '1/2', 1),
  (213, '2/3', 0),
  (213, '1/3', 0),
  (213, '2/6', 0),
  (214, '11/12', 1),
  (214, '6/12', 0),
  (214, '1', 0),
  (214, '7/8', 0),
  (215, '750 ml', 1),
  (215, '500 ml', 0),
  (215, '600 ml', 0),
  (215, '800 ml', 0),
  (216, '3/5', 1),
  (216, '2/3', 0),
  (216, '4/5', 0),
  (216, '1/5', 0),
  (217, '1', 1),
  (217, '5/6', 0),
  (217, '7/8', 0),
  (217, '3/4', 0),
  (218, '5/10', 1),
  (218, '2/3', 0),
  (218, '4/8', 0),
  (218, '6/12', 0),
  (219, 'Pedro', 1),
  (219, 'Maria', 0),
  (219, 'Comeram igual', 0),
  (219, 'Não é possível saber', 0),
  (220, '9', 1),
  (220, '6', 0),
  (220, '8', 0),
  (220, '3', 0),
  (221, '1/5', 1),
  (221, '2/5', 0),
  (221, '4/5', 0),
  (221, '0', 0),
  (222, '5/12', 1),
  (222, '3/7', 0),
  (222, '1/2', 0),
  (222, '1/6', 0),
  (223, '13/12', 1),
  (223, '11/12', 0),
  (223, '1', 0),
  (223, '5/6', 0),
  (224, '10', 1),
  (224, '8', 0),
  (224, '6', 0),
  (224, '12', 0),
  (225, '11/16', 1),
  (225, '1/2', 0),
  (225, '9/16', 0),
  (225, '5/8', 0),
  (226, '13/20', 1),
  (226, '7/9', 0),
  (226, '3/4', 0),
  (226, '5/8', 0),
  (227, '1/2', 1),
  (227, '3/7', 0),
  (227, '5/6', 0),
  (227, '6/9', 0),
  (228, '1/6', 1),
  (228, '3/6', 0),
  (228, '2/6', 0),
  (228, '1/3', 0),
  (229, 'João', 1),
  (229, 'Maria', 0),
  (229, 'Ficaram iguais', 0),
  (229, 'Não é possível saber', 0),
  (230, '3/4', 1),
  (230, '2/3', 0),
  (230, '5/8', 0),
  (230, '6/8', 0),
  (231, '4/7', 1),
  (231, '2/7', 0),
  (231, '3/4', 0),
  (231, '5/7', 0),
  (232, '4/3', 1),
  (232, '1', 0),
  (232, '5/3', 0),
  (232, '3/2', 0),
  (233, '19/15', 1),
  (233, '5/8', 0),
  (233, '1', 0),
  (233, '17/15', 0),
  (234, '3/8', 1),
  (234, '2/5', 0),
  (234, '1/3', 0),
  (234, '5/8', 0),
  (235, '8', 1),
  (235, '6', 0),
  (235, '7', 0),
  (235, '5', 0),
  (236, '3/4', 1),
  (236, '2/3', 0),
  (236, '5/6', 0),
  (236, '6/8', 0),
  (237, '7/20', 1),
  (237, '9/20', 0),
  (237, '11/20', 0),
  (237, '5/20', 0),
  (238, '11/30', 1),
  (238, '9/30', 0),
  (238, '7/13', 0),
  (238, '6/10', 0),
  (239, '3/8', 1),
  (239, '2/8', 0),
  (239, '1/4', 0),
  (239, '5/8', 0),
  (240, '3/4', 1),
  (240, '2/3', 0),
  (240, '1/2', 0),
  (240, '5/6', 0),
  (241, '1', 1),
  (241, '-5', 0),
  (241, '0', 0),
  (241, '2', 0),
  (242, '3', 1),
  (242, '-3', 0),
  (242, '11', 0),
  (242, '1', 0),
  (243, '-7', 1),
  (243, '-3', 0),
  (243, '7', 0),
  (243, '2', 0),
  (244, '4', 1),
  (244, '3', 0),
  (244, '2', 0),
  (244, '5', 0),
  (245, '-5', 1),
  (245, '5', 0),
  (245, '1', 0),
  (245, '-1', 0),
  (246, '1', 1),
  (246, '1/4', 0),
  (246, '3/4', 0),
  (246, '2', 0),
  (247, '2,5', 1),
  (247, '3', 0),
  (247, '1,5', 0),
  (247, '4,5', 0),
  (248, '0', 1),
  (248, '12', 0),
  (248, '-12', 0),
  (248, '6', 0),
  (249, '1/2', 1),
  (249, '1', 0),
  (249, '1/4', 0),
  (249, '2/3', 0),
  (250, '1', 1),
  (250, '0,1', 0),
  (250, '2', 0),
  (250, '0,25', 0),
  (251, '-6', 1),
  (251, '6', 0),
  (251, '-5', 0),
  (251, '-3', 0),
  (252, '-3', 1),
  (252, '3', 0),
  (252, '1', 0),
  (252, '0', 0),
  (253, '4', 1),
  (253, '1', 0),
  (253, '0', 0),
  (253, '2', 0),
  (254, '-3', 1),
  (254, '3', 0),
  (254, '-6', 0),
  (254, '-12', 0),
  (255, '3', 1),
  (255, '-3', 0),
  (255, '0', 0),
  (255, '4', 0),
  (256, '2', 1),
  (256, '1', 0),
  (256, '4', 0),
  (256, '1/4', 0),
  (257, '1', 1),
  (257, '3/4', 0),
  (257, '1/2', 0),
  (257, '2', 0),
  (258, '1', 1),
  (258, '0,9', 0),
  (258, '0,7', 0),
  (258, '0,8', 0),
  (259, '-5', 1),
  (259, '5', 0),
  (259, '0', 0),
  (259, '-10', 0),
  (260, '5', 1),
  (260, '2', 0),
  (260, '10', 0),
  (260, '8', 0),
  (261, 'R$ 3,75', 1),
  (261, 'R$ 4,25', 0),
  (261, 'R$ 2,25', 0),
  (261, 'R$ 5,00', 0),
  (262, '-2,3', 1),
  (262, '-4,7', 0),
  (262, '2,3', 0),
  (262, '-1,5', 0),
  (263, '1 km', 1),
  (263, '6 km', 0),
  (263, '-1 km', 0),
  (263, '0 km', 0),
  (264, '7/6', 1),
  (264, '5/6', 0),
  (264, '1', 0),
  (264, '3/5', 0),
  (265, '-3', 1),
  (265, '-3,2', 0),
  (265, '3', 0),
  (265, '-2', 0),
  (266, '1/2', 1),
  (266, '2/3', 0),
  (266, '1/3', 0),
  (266, '5/9', 0),
  (267, '-3,5', 1),
  (267, '-2,5', 0),
  (267, '3,5', 0),
  (267, '4', 0),
  (268, '-R$ 9', 1),
  (268, '-R$ 21', 0),
  (268, 'R$ 9', 0),
  (268, 'R$ 6', 0),
  (269, '0,10', 1),
  (269, '0,01', 0),
  (269, '0,20', 0),
  (269, '0,15', 0),
  (270, '-1/10', 1),
  (270, '1/2', 0),
  (270, '1/10', 0),
  (270, '-5/10', 0),
  (271, '2', 1),
  (271, '-2', 0),
  (271, '4', 0),
  (271, '-4', 0),
  (272, '-1,5', 1),
  (272, '-2,5', 0),
  (272, '-1,25', 0),
  (272, '1,5', 0),
  (273, '1,5', 1),
  (273, '2', 0),
  (273, '1/2', 0),
  (273, '1', 0),
  (274, 'R$ 31,10', 1),
  (274, 'R$ 30,00', 0),
  (274, 'R$ 29,10', 0),
  (274, 'R$ 32,10', 0),
  (275, '12', 1),
  (275, '0,12', 0),
  (275, '6', 0),
  (275, '8', 0),
  (276, '-1', 1),
  (276, '-2', 0),
  (276, '-1/2', 0),
  (276, '1/2', 0),
  (277, '3/5', 1),
  (277, '1/2', 0),
  (277, '4/5', 0),
  (277, '2/3', 0),
  (278, '-3', 1),
  (278, '3', 0),
  (278, '0', 0),
  (278, '6', 0),
  (279, '1/2', 1),
  (279, '5/8', 0),
  (279, '3/4', 0),
  (279, '1/4', 0),
  (280, '0,5', 1),
  (280, '1,9', 0),
  (280, '0,7', 0),
  (280, '-0,5', 0),
  (281, '-R$ 4,85', 1),
  (281, '-R$ 19,75', 0),
  (281, 'R$ 4,85', 0),
  (281, 'R$ 19,75', 0),
  (282, '1,75', 1),
  (282, '2,25', 0),
  (282, '3,25', 0),
  (282, '1,25', 0),
  (283, '1,2 km', 1),
  (283, '-1,2 km', 0),
  (283, '4,2 km', 0),
  (283, '0 km', 0),
  (284, '-1/6', 1),
  (284, '1/6', 0),
  (284, '5/6', 0),
  (284, '-2/3', 0),
  (285, 'R$ 5,04', 1),
  (285, 'R$ 7,56', 0),
  (285, 'R$ 6,00', 0),
  (285, 'R$ 4,00', 0),
  (286, '3', 1),
  (286, '-3', 0),
  (286, '1,2', 0),
  (286, '2,5', 0),
  (287, '-R$ 10', 1),
  (287, '-R$ 5', 0),
  (287, 'R$ 0', 0),
  (287, 'R$ 10', 0),
  (288, '-1,5', 1),
  (288, '-1/2', 0),
  (288, '-3/2', 0),
  (288, '1,5', 0),
  (289, '-2', 1),
  (289, '2', 0),
  (289, '-3', 0),
  (289, '3', 0),
  (290, '-2,5 km', 1),
  (290, '2,5 km', 0),
  (290, '7,1 km', 0),
  (290, '-7,1 km', 0),
  (291, '-1/8', 1),
  (291, '1/8', 0),
  (291, '-5/8', 0),
  (291, '-1/4', 0),
  (292, 'R$ 30', 1),
  (292, 'R$ 25', 0),
  (292, 'R$ 24', 0),
  (292, 'R$ 36', 0),
  (293, '0', 1),
  (293, '-2', 0),
  (293, '4', 0),
  (293, '1', 0),
  (294, 'R$ 7,50', 1),
  (294, 'R$ 12,50', 0),
  (294, 'R$ 6,25', 0),
  (294, 'R$ 5,00', 0),
  (295, '-5,5', 1),
  (295, '-4,5', 0),
  (295, '-6', 0),
  (295, '-3,5', 0),
  (296, '2', 1),
  (296, '2,2', 0),
  (296, '1', 0),
  (296, '1,5', 0),
  (297, '3,5', 1),
  (297, '0,35', 0),
  (297, '1,4', 0),
  (297, '7', 0),
  (298, 'R$ 11,45', 1),
  (298, 'R$ 12,45', 0),
  (298, 'R$ 10,45', 0),
  (298, 'R$ 13,45', 0),
  (299, '-5/6', 1),
  (299, '-1/2', 0),
  (299, '-1/3', 0),
  (299, '-1', 0),
  (300, '-2,5', 1),
  (300, '2,5', 0),
  (300, '5', 0),
  (300, '-5', 0),
  (301, '50', 1),
  (301, '40', 0),
  (301, '45', 0),
  (301, '60', 0),
  (302, '200', 1),
  (302, '100', 0),
  (302, '180', 0),
  (302, '150', 0),
  (303, '10', 1),
  (303, '0', 0),
  (303, '9', 0),
  (303, '5', 0),
  (304, '600', 1),
  (304, '700', 0),
  (304, '620', 0),
  (304, '650', 0),
  (305, '700', 1),
  (305, '800', 0),
  (305, '750', 0),
  (305, '740', 0),
  (306, '3.000', 1),
  (306, '4.000', 0),
  (306, '3.500', 0),
  (306, '3.200', 0),
  (307, '900', 1),
  (307, '800', 0),
  (307, '850', 0),
  (307, '870', 0),
  (308, '2.000', 1),
  (308, '2.500', 0),
  (308, '3.000', 0),
  (308, '2.400', 0),
  (309, '60', 1),
  (309, '50', 0),
  (309, '55', 0),
  (309, '70', 0),
  (310, '20', 1),
  (310, '10', 0),
  (310, '15', 0),
  (310, '12', 0),
  (311, '5.000', 1),
  (311, '4.000', 0),
  (311, '4.800', 0),
  (311, '4.500', 0),
  (312, '40', 1),
  (312, '30', 0),
  (312, '35', 0),
  (312, '50', 0),
  (313, '1.200', 1),
  (313, '1.300', 0),
  (313, '1.100', 0),
  (313, '1.250', 0),
  (314, '100', 1),
  (314, '90', 0),
  (314, '95', 0),
  (314, '99', 0),
  (315, '1.900', 1),
  (315, '1.800', 0),
  (315, '2.000', 0),
  (315, '1.850', 0),
  (316, '5.000', 1),
  (316, '6.000', 0),
  (316, '5.100', 0),
  (316, '5.500', 0),
  (317, '1.800', 1),
  (317, '1.700', 0),
  (317, '1.750', 0),
  (317, '1.850', 0),
  (318, '7.000', 1),
  (318, '6.000', 0),
  (318, '6.500', 0),
  (318, '6.900', 0),
  (319, '70', 1),
  (319, '60', 0),
  (319, '65', 0),
  (319, '75', 0),
  (320, '10', 1),
  (320, '20', 0),
  (320, '15', 0),
  (320, '12', 0),
  (321, '50', 1),
  (321, '40', 0),
  (321, '45', 0),
  (321, '60', 0),
  (322, '1.200', 1),
  (322, '1.300', 0),
  (322, '1.250', 0),
  (322, '1.100', 0),
  (323, '3.000', 1),
  (323, '2.500', 0),
  (323, '2.000', 0),
  (323, '2.700', 0),
  (324, '700', 1),
  (324, '600', 0),
  (324, '650', 0),
  (324, '750', 0),
  (325, '4.000', 1),
  (325, '3.500', 0),
  (325, '3.600', 0),
  (325, '3.700', 0),
  (326, '8.700', 1),
  (326, '8.800', 0),
  (326, '8.600', 0),
  (326, '8.500', 0),
  (327, '40', 1),
  (327, '50', 0),
  (327, '45', 0),
  (327, '35', 0),
  (328, '10.000', 1),
  (328, '9.000', 0),
  (328, '9.500', 0),
  (328, '8.500', 0),
  (329, '4.400', 1),
  (329, '4.300', 0),
  (329, '4.500', 0),
  (329, '4.600', 0),
  (330, '12.000', 1),
  (330, '13.000', 0),
  (330, '12.500', 0),
  (330, '11.000', 0),
  (331, '40', 1),
  (331, '30', 0),
  (331, '35', 0),
  (331, '45', 0),
  (332, '1.246.000', 1),
  (332, '1.200.000', 0),
  (332, '1.250.000', 0),
  (332, '1.300.000', 0),
  (333, '20', 1),
  (333, '10', 0),
  (333, '15', 0),
  (333, '25', 0),
  (334, '8.700', 1),
  (334, '8.600', 0),
  (334, '8.800', 0),
  (334, '8.500', 0),
  (335, '1.500', 1),
  (335, '1.400', 0),
  (335, '1.600', 0),
  (335, '1.450', 0),
  (336, '50', 1),
  (336, '40', 0),
  (336, '45', 0),
  (336, '60', 0),
  (337, '1.200', 1),
  (337, '1.300', 0),
  (337, '1.100', 0),
  (337, '1.400', 0),
  (338, '80', 1),
  (338, '90', 0),
  (338, '85', 0),
  (338, '70', 0),
  (339, '200', 1),
  (339, '250', 0),
  (339, '240', 0),
  (339, '230', 0),
  (340, '3.200', 1),
  (340, '3.300', 0),
  (340, '3.250', 0),
  (340, '3.100', 0),
  (341, '1.400', 1),
  (341, '1.300', 0),
  (341, '1.500', 0),
  (341, '1.350', 0),
  (342, '40', 1),
  (342, '50', 0),
  (342, '45', 0),
  (342, '30', 0),
  (343, '9.900', 1),
  (343, '9.800', 0),
  (343, '10.000', 0),
  (343, '9.850', 0),
  (344, '17.000', 1),
  (344, '15.000', 0),
  (344, '20.000', 0),
  (344, '18.000', 0),
  (345, '14.800', 1),
  (345, '15.000', 0),
  (345, '14.700', 0),
  (345, '13.800', 0),
  (346, '32.000', 1),
  (346, '33.000', 0),
  (346, '31.000', 0),
  (346, '30.000', 0),
  (347, '5.000.000', 1),
  (347, '4.800.000', 0),
  (347, '4.500.000', 0),
  (347, '5.200.000', 0),
  (348, '240', 1),
  (348, '230', 0),
  (348, '250', 0),
  (348, '220', 0),
  (349, '20', 1),
  (349, '10', 0),
  (349, '15', 0),
  (349, '25', 0),
  (350, '1.400', 1),
  (350, '1.200', 0),
  (350, '1.300', 0),
  (350, '1.500', 0),
  (351, '75.500', 1),
  (351, '76.000', 0),
  (351, '75.000', 0),
  (351, '74.500', 0),
  (352, '600', 1),
  (352, '500', 0),
  (352, '700', 0),
  (352, '650', 0),
  (353, '9.000.000', 1),
  (353, '8.700.000', 0),
  (353, '8.500.000', 0),
  (353, '8.800.000', 0),
  (354, '600', 1),
  (354, '500', 0),
  (354, '550', 0),
  (354, '650', 0),
  (355, '23.000', 1),
  (355, '24.000', 0),
  (355, '22.000', 0),
  (355, '23.500', 0),
  (356, '4.600', 1),
  (356, '4.500', 0),
  (356, '4.700', 0),
  (356, '4.400', 0),
  (357, '9.000.000', 1),
  (357, '8.500.000', 0),
  (357, '9.500.000', 0),
  (357, '8.000.000', 0),
  (358, '4.000', 1),
  (358, '3.900', 0),
  (358, '3.800', 0),
  (358, '4.100', 0),
  (359, '36.000', 1),
  (359, '35.000', 0),
  (359, '34.000', 0),
  (359, '37.000', 0),
  (360, '123.500', 1),
  (360, '123.000', 0),
  (360, '124.000', 0),
  (360, '125.000', 0),
  (361, '5', 1),
  (361, '10', 0),
  (361, '15', 0),
  (361, '25', 0),
  (362, '50', 1),
  (362, '25', 0),
  (362, '75', 0),
  (362, '100', 0),
  (363, '72', 1),
  (363, '80', 0),
  (363, '70', 0),
  (363, '75', 0),
  (364, '10', 1),
  (364, '5', 0),
  (364, '12', 0),
  (364, '8', 0),
  (365, '30', 1),
  (365, '25', 0),
  (365, '40', 0),
  (365, '35', 0),
  (366, '90', 1),
  (366, '80', 0),
  (366, '100', 0),
  (366, '70', 0),
  (367, '40', 1),
  (367, '45', 0),
  (367, '50', 0),
  (367, '35', 0),
  (368, '72', 1),
  (368, '68', 0),
  (368, '70', 0),
  (368, '65', 0),
  (369, '120', 1),
  (369, '100', 0),
  (369, '150', 0),
  (369, '180', 0),
  (370, '1.100', 1),
  (370, '1.200', 0),
  (370, '1.150', 0),
  (370, '1.300', 0),
  (371, '60', 1),
  (371, '50', 0),
  (371, '70', 0),
  (371, '80', 0),
  (372, '150', 1),
  (372, '200', 0),
  (372, '100', 0),
  (372, '250', 0),
  (373, '45', 1),
  (373, '40', 0),
  (373, '50', 0),
  (373, '30', 0),
  (374, '7,50', 1),
  (374, '8,00', 0),
  (374, '10,00', 0),
  (374, '5,00', 0),
  (375, '4', 1),
  (375, '5', 0),
  (375, '6', 0),
  (375, '3', 0),
  (376, '60', 1),
  (376, '50', 0),
  (376, '70', 0),
  (376, '65', 0),
  (377, '200', 1),
  (377, '250', 0),
  (377, '300', 0),
  (377, '350', 0),
  (378, '300', 1),
  (378, '250', 0),
  (378, '200', 0),
  (378, '350', 0),
  (379, '50', 1),
  (379, '60', 0),
  (379, '40', 0),
  (379, '55', 0),
  (380, '450', 1),
  (380, '500', 0),
  (380, '550', 0),
  (380, '400', 0),
  (381, '100', 1),
  (381, '90', 0),
  (381, '120', 0),
  (381, '110', 0),
  (382, '67,50', 1),
  (382, '60,00', 0),
  (382, '70,00', 0),
  (382, '75,00', 0),
  (383, '392', 1),
  (383, '375', 0),
  (383, '370', 0),
  (383, '400', 0),
  (384, '56', 1),
  (384, '58', 0),
  (384, '60', 0),
  (384, '65', 0),
  (385, '400', 1),
  (385, '450', 0),
  (385, '500', 0),
  (385, '350', 0),
  (386, '20%', 1),
  (386, '15%', 0),
  (386, '25%', 0),
  (386, '18%', 0),
  (387, '70', 1),
  (387, '75', 0),
  (387, '80', 0),
  (387, '85', 0),
  (388, '500', 1),
  (388, '480', 0),
  (388, '460', 0),
  (388, '550', 0),
  (389, '153', 1),
  (389, '155', 0),
  (389, '160', 0),
  (389, '150', 0),
  (390, '2.700', 1),
  (390, '2.600', 0),
  (390, '2.750', 0),
  (390, '2.800', 0),
  (391, '377,60', 1),
  (391, '370,00', 0),
  (391, '380,00', 0),
  (391, '360,00', 0),
  (392, '300', 1),
  (392, '275', 0),
  (392, '320', 0),
  (392, '350', 0),
  (393, '720.000', 1),
  (393, '730.000', 0),
  (393, '710.000', 0),
  (393, '700.000', 0),
  (394, '6.000', 1),
  (394, '6.500', 0),
  (394, '7.000', 0),
  (394, '6.200', 0),
  (395, '18', 1),
  (395, '16', 0),
  (395, '20', 0),
  (395, '15', 0),
  (396, '123', 1),
  (396, '130', 0),
  (396, '125', 0),
  (396, '120', 0),
  (397, '320', 1),
  (397, '300', 0),
  (397, '350', 0),
  (397, '280', 0),
  (398, '5,50', 1),
  (398, '6,00', 0),
  (398, '5,80', 0),
  (398, '5,20', 0),
  (399, '200.000', 1),
  (399, '220.000', 0),
  (399, '250.000', 0),
  (399, '230.000', 0),
  (400, '500', 1),
  (400, '480', 0),
  (400, '525', 0),
  (400, '490', 0),
  (401, '33,1%', 1),
  (401, '32%', 0),
  (401, '30%', 0),
  (401, '35%', 0),
  (402, '288', 1),
  (402, '290', 0),
  (402, '295', 0),
  (402, '280', 0),
  (403, '11.200', 1),
  (403, '12.000', 0),
  (403, '10.800', 0),
  (403, '11.500', 0),
  (404, '110,16', 1),
  (404, '112,50', 0),
  (404, '115,00', 0),
  (404, '118,00', 0),
  (405, '558', 1),
  (405, '570', 0),
  (405, '540', 0),
  (405, '580', 0),
  (406, '23.600', 1),
  (406, '25.000', 0),
  (406, '22.500', 0),
  (406, '24.000', 0),
  (407, '30', 1),
  (407, '25', 0),
  (407, '35', 0),
  (407, '40', 0),
  (408, '900', 1),
  (408, '850', 0),
  (408, '880', 0),
  (408, '950', 0),
  (409, '1.050', 1),
  (409, '1.100', 0),
  (409, '1.120', 0),
  (409, '1.150', 0),
  (410, '13.382,26', 1),
  (410, '12.000', 0),
  (410, '14.000', 0),
  (410, '13.000', 0),
  (411, '3.000', 1),
  (411, '3.500', 0),
  (411, '2.500', 0),
  (411, '4.000', 0),
  (412, '272', 1),
  (412, '280', 0),
  (412, '290', 0),
  (412, '300', 0),
  (413, '552', 1),
  (413, '560', 0),
  (413, '545', 0),
  (413, '550', 0),
  (414, '675', 1),
  (414, '700', 0),
  (414, '690', 0),
  (414, '680', 0),
  (415, '17.624,99', 1),
  (415, '15.000,00', 0),
  (415, '16.500,00', 0),
  (415, '18.000,00', 0),
  (416, '2.457,00', 1),
  (416, '2.500,00', 0),
  (416, '2.400,00', 0),
  (416, '2.550,00', 0),
  (417, '1.020', 1),
  (417, '1.050', 0),
  (417, '1.100', 0),
  (417, '1.150', 0),
  (418, '440', 1),
  (418, '450', 0),
  (418, '460', 0),
  (418, '470', 0),
  (419, '2,5%', 1),
  (419, '5%', 0),
  (419, '7,5%', 0),
  (419, '10%', 0);

-- ===== feedback =====
INSERT IGNORE INTO feedback (id_quiz, explicacao) VALUES
  (1, 'A leitura correta de 307 é "Trezentos e sete", pois o 3 está na casa das centenas, o 0 nas dezenas e o 7 nas unidades.'),
  (2, 'O número 400 vem exatamente entre 399 e 401 na sequência dos números naturais.'),
  (3, 'O número 5 está na casa dos milhares, então seu valor posicional é 5.000.'),
  (4, '3,25 é maior que 3,052, pois no sistema decimal os décimos têm mais peso que os centésimos.'),
  (5, 'Cinquenta centésimos correspondem a 0,50, somados a dois inteiros, resultando em 2,50.'),
  (6, 'Três dezenas valem 30, somando sete unidades temos 37.'),
  (7, 'O 2 está na casa dos milhares, então seu valor posicional é 2.000.'),
  (8, 'O número 480 se lê "Quatrocentos e oitenta".'),
  (9, '0,3 é menor que 0,5, pois 3 décimos são menos que 5 décimos.'),
  (10, 'Um inteiro e vinte e cinco centésimos é igual a 1,25.'),
  (11, 'Depois de 899 vem o 900 na ordem dos números naturais.'),
  (12, 'O 6 está na casa das dezenas, o que equivale a 60.'),
  (13, '2,9 tem nove décimos, que é a maior parte decimal entre as opções.'),
  (14, 'Nove centenas valem 900, somando 4 unidades temos 904.'),
  (15, 'Cinco unidades e quatro décimos formam o número decimal 5,4.'),
  (16, 'Setenta e oito centésimos correspondem a 0,78 na forma decimal.'),
  (17, 'A composição 3.205 é feita com 3 mil, 2 centenas, 0 dezenas e 5 unidades.'),
  (18, 'Três inteiros e seis décimos é igual a 3,6 na forma decimal.'),
  (19, 'Noventa e nove centésimos é igual a 0,99 na forma decimal.'),
  (20, 'O 4 está na casa das centenas e representa 400 no número 1.458.'),
  (21, '4 unidades + 3 décimos (0,3) + 8 centésimos (0,08) formam 4,38.'),
  (22, '2,354 é maior porque o dígito 5 na casa dos milésimos pesa mais que 4.'),
  (23, 'O 7 está na casa das centenas, portanto vale 700.'),
  (24, '"Sete centésimos" é igual a 0,07, então a forma decimal é 12,07.'),
  (25, '1/10 em forma decimal é 0,1.'),
  (26, '0,305 tem milésimos e é menor que 0,35 (que tem centésimos apenas).'),
  (27, 'A sequência correta em ordem crescente é 1,2 – 1,23 – 1,3.'),
  (28, '125 milésimos correspondem a 0,125, logo o número é 3,125.'),
  (29, 'Seis milésimos é igual a 0,006, somado a dois inteiros dá 2,006.'),
  (30, 'O dígito 9 vale 90 apenas se estiver na casa das dezenas, como em 3.294.'),
  (31, '6 centenas (600), 4 unidades e 5 décimos: 604,5.'),
  (32, 'A casa dos centésimos é a segunda após a vírgula. Em 3,254, o 5 está nesta posição.'),
  (33, '2,1 tem apenas um décimo, mas é maior do que 2,01 e 2,001.'),
  (34, '4,056 tem 3 casas decimais: décimos, centésimos e milésimos.'),
  (35, '250 centésimos é igual a 2,50 ou 2,5.'),
  (36, 'O dígito 3 está na casa das centenas, valendo 300.'),
  (37, 'A ordem decrescente correta entre os valores dados é 4,5 - 4,25 - 4,1.'),
  (38, '0,9 é igual a 9/10, pois são 9 décimos.'),
  (39, '4 centenas = 400, 2 dezenas = 20, 9 unidades e 0,3: total de 429,3.'),
  (40, '30 centenas = 3.000, somando com 2.000 e 8 unidades: 5.008.'),
  (41, '0,06 + 0,007 = 0,067, somado a 3 = 3,067.'),
  (42, 'A diferença entre os termos é de 0,05, então o próximo número é 1,35.'),
  (43, '0,09 é a casa dos centésimos. O dígito 9 em 4,09 está na posição correta.'),
  (44, '3,456 - 3,0456 = 0,4104.'),
  (45, '375 ÷ 100 = 3,75.'),
  (46, '0,625 é igual a 5/8 quando simplificamos.'),
  (47, '1,999 é o menor valor entre os três.'),
  (48, '7 na milésima e 2 na décima posição ocorre em 3,207.'),
  (49, 'Há 4 casas decimais após a vírgula: 0,0034.'),
  (50, '4 unidades + 2 décimos + 8 milésimos = 4,208.'),
  (51, '3/10 = 0,3 e 4/1000 = 0,004, totalizando 2,304.'),
  (52, '0,45 < 0,504 < 0,55 é a sequência crescente correta.'),
  (53, 'A diferença entre 5,008 e 4,999 é 0,009.'),
  (54, 'O 6 está na casa dos centésimos em 74,068.'),
  (55, '0,875 é igual a 875/1000, que simplificando vira 7/8.'),
  (56, '1 décimo de milésimo é 0,0001.'),
  (57, '3,499 está mais próximo de 3,5 do que as demais opções.'),
  (58, '2,35 + 1,028 = 3,378.'),
  (59, '7,204 lê-se como "sete inteiros e duzentos e quatro milésimos".'),
  (60, 'Alguns acham que 0,8 < 0,75 porque 75 parece maior que 8, mas 0,8 é maior que 0,75.'),
  (61, '25 + 17 = 42. Soma simples de dois números naturais.'),
  (62, '100 - 28 = 72. Subtração direta sem reagrupamento.'),
  (63, '7 x 6 = 42. Multiplicação básica.'),
  (64, '81 dividido por 9 é 9.'),
  (65, '5² significa 5 x 5, que é 25.'),
  (66, 'João deu 4 balas de 10. 10 - 4 = 6.'),
  (67, '3 + 8 + 4 = 15. Soma com três parcelas.'),
  (68, 'Todo número multiplicado por 0 é igual a 0.'),
  (69, '9² = 81 porque 9 x 9 = 81.'),
  (70, '100 - 27 = 73. A operação inversa ajuda a encontrar o número.'),
  (71, '50 ÷ 5 = 10. Divisão simples.'),
  (72, '8 x 5 = 40. Multiplicação direta.'),
  (73, '3² = 3 x 3 = 9. Potenciação simples.'),
  (74, '18 - 7 = 11. Subtração simples.'),
  (75, '12 + 6 + 2 = 20. Soma de números naturais.'),
  (76, '64 ÷ 8 = 8. Divisão simples.'),
  (77, '3 x 4 = 12. Multiplicação de duas parcelas.'),
  (78, '2 x 10 + 5 = 25. Multiplicação seguida de adição.'),
  (79, '4² = 4 x 4 = 16. Potenciação de base 4.'),
  (80, '90 - 45 = 45. Subtração direta.'),
  (81, '165 ÷ 15 = 11. Divisão simples entre dois números naturais.'),
  (82, '42 x 8 = 336. Multiplicação de dois números naturais.'),
  (83, '12³ = 1728. Potenciação de 12 com expoente 3.'),
  (84, '300 ÷ 25 = 12. Divisão simples.'),
  (85, '125 + 750 = 875. Soma de dois números naturais.'),
  (86, '250 - 50 = 200. Subtração simples.'),
  (87, '0,5 x 10 = 5. Multiplicação com número decimal.'),
  (88, '96 ÷ 12 = 8. Divisão simples.'),
  (89, '4 x 5 x 2 = 40. Multiplicação de três fatores.'),
  (90, '500 - 150 = 350. Subtração simples.'),
  (91, '15 x 15 = 225. Multiplicação de dois números naturais.'),
  (92, '25 ÷ 5 = 5. Divisão simples.'),
  (93, '6³ = 216. Potenciação de 6 com expoente 3.'),
  (94, '35 + 15 = 50. Soma simples.'),
  (95, '125 ÷ 25 = 5. Divisão direta.'),
  (96, '27 ÷ 3 = 9. Divisão simples.'),
  (97, '18 x 4 = 72. Multiplicação simples.'),
  (98, '75 ÷ 15 = 5. Divisão simples.'),
  (99, '10³ = 1000. Potenciação de 10 com expoente 3.'),
  (100, '72 ÷ 9 = 8. Divisão simples.'),
  (101, '245 ÷ 17 tem resto 7. Resto da divisão inteira.'),
  (102, '314 x 21 = 6594. Multiplicação de dois números maiores.'),
  (103, 'A raiz quadrada de 625 é 25. Raiz quadrada simples.'),
  (104, '8³ = 512. Potenciação de 8 com expoente 3.'),
  (105, 'Se é divisível por 6, também é divisível por 2. Divisão múltipla.'),
  (106, '234 ÷ 18 = 13. Divisão direta.'),
  (107, '81 ÷ 7 = 11. Divisão com resto.'),
  (108, '1024 ÷ 32 = 32. Divisão simples.'),
  (109, '7² + 5² = 74. Soma de quadrados de dois números.'),
  (110, '512 ÷ 16 = 32. Divisão simples.'),
  (111, '72 ÷ 6 = 12. Divisão simples.'),
  (112, '2500 ÷ 25 = 100. Divisão simples.'),
  (113, '13³ = 2197. Potenciação de 13 com expoente 3.'),
  (114, '15² = 225. Potenciação de 15.'),
  (115, '9³ = 729. Potenciação de 9.'),
  (116, '56 + 189 = 245. Soma simples.'),
  (117, '145 x 36 = 5220. Multiplicação direta.'),
  (118, 'A raiz quadrada de 196 é 14. Raiz quadrada de 196.'),
  (119, '15² = 225. Potenciação de 15.'),
  (120, '125 ÷ 5 = 25. Divisão direta.'),
  (121, 'O número 7 é primo porque só pode ser dividido por 1 e por ele mesmo.'),
  (122, 'O número 8 é composto pois possui mais de dois divisores: 1, 2, 4 e 8.'),
  (123, 'O número 4 não é primo pois é divisível por 1, 2 e 4.'),
  (124, '13 é primo porque seus únicos divisores são 1 e ele mesmo.'),
  (125, '19 é primo pois não é divisível por nenhum número além de 1 e 19.'),
  (126, '12 é composto porque tem mais de dois divisores: 1, 2, 3, 4, 6 e 12.'),
  (127, 'O menor número primo é 2, pois é divisível apenas por 1 e 2.'),
  (128, '3, 5 e 7 são todos primos, pois cada um tem apenas dois divisores.'),
  (129, 'O número 10 é composto porque é divisível por 1, 2, 5 e 10.'),
  (130, '9 é composto porque possui mais de dois divisores: 1, 3 e 9.'),
  (131, '17 é primo porque só é divisível por 1 e 17.'),
  (132, '5 não é composto, pois possui apenas dois divisores: 1 e 5.'),
  (133, '15 é composto porque pode ser dividido por 1, 3, 5 e 15.'),
  (134, '29 é primo pois seus únicos divisores são 1 e 29.'),
  (135, '6 é composto porque tem mais de dois divisores: 1, 2, 3 e 6.'),
  (136, '16 é composto pois é divisível por 1, 2, 4, 8 e 16.'),
  (137, '23 é primo porque não possui divisores além de 1 e 23.'),
  (138, '11 tem dois divisores: 1 e 11, por isso é primo.'),
  (139, 'O número 1 não é considerado primo nem composto.'),
  (140, 'O número 4 é o menor composto, pois tem três divisores: 1, 2 e 4.'),
  (141, '23 é primo porque só é divisível por 1 e 23.'),
  (142, '37 é o próximo número primo após 31, pois não tem divisores além de 1 e 37.'),
  (143, 'Entre 1 e 10, há 4 primos: 2, 3, 5 e 7.'),
  (144, 'Os dois menores primos são 2 e 3, cuja soma é 5.'),
  (145, 'O número 6 tem quatro divisores: 1, 2, 3 e 6.'),
  (146, '27 é composto porque é divisível por 1, 3, 9 e 27.'),
  (147, '7 × 1 representa um número primo, pois 7 tem apenas dois divisores.'),
  (148, '19 é o maior número primo menor que 20.'),
  (149, '11 é primo e ímpar, pois só é divisível por 1 e 11.'),
  (150, 'A menor soma entre primos distintos é 2 + 3 = 5.'),
  (151, '4 e 6 são compostos, pois têm mais de dois divisores.'),
  (152, '21 não é primo porque é divisível por 3 e 7.'),
  (153, '49 é composto porque é múltiplo de 7: 7 × 7 = 49.'),
  (154, '17 é o próximo número primo após 13.'),
  (155, '17 não é composto, pois possui apenas dois divisores.'),
  (156, 'O número 13 tem apenas dois divisores: 1 e 13.'),
  (157, 'Um número que só se divide por 1 e por ele mesmo é chamado de primo.'),
  (158, '22 não é primo porque é par e divisível por 11.'),
  (159, '31 é primo e está entre 30 e 40.'),
  (160, 'A soma de dois primos consecutivos, como 5 + 7, pode ser 12.'),
  (161, '17 é primo, ímpar e não termina com 1.'),
  (162, '15 é composto, ímpar e menor que 20, pois tem mais de dois divisores.'),
  (163, '47 é o número primo mais próximo de 50, pois 49, 51 e 53 não são todos primos.'),
  (164, '12 tem seis divisores: 1, 2, 3, 4, 6 e 12, sendo composto.'),
  (165, 'A soma de dois primos consecutivos como 5 + 7 = 12 resulta em um número par e composto.'),
  (166, 'Todo número par maior que 2 é composto, pois é divisível por 2 e outros números.'),
  (167, '11 e 13 são primos consecutivos, pois estão lado a lado na sequência dos primos.'),
  (168, '12 é o menor número composto múltiplo de 3 e 4 (3 × 4 = 12).'),
  (169, '18 tem seis divisores: 1, 2, 3, 6, 9 e 18.'),
  (170, '131 é um número primo e também palíndromo (lê-se igual de trás para frente).'),
  (171, '97 é o maior número primo menor que 100.'),
  (172, 'A diferença entre dois primos como 7 e 3 pode ser 4, que é par e composta.'),
  (173, 'O número 1 não é primo nem composto, é uma exceção matemática.'),
  (174, 'Se um número tem três divisores, é o quadrado de um número primo (ex: 9 = 3²).'),
  (175, '91 é composto porque é divisível por 7 e 13 (7 × 13 = 91).'),
  (176, '5 é um número primo e também é fator de 100 (5 × 20 = 100).'),
  (177, '30 é par, composto e múltiplo de 6 (6 × 5 = 30).'),
  (178, '7 e 2 têm soma 9 e diferença 5, ambos primos.'),
  (179, '97 é primo e está entre 90 e 100.'),
  (180, 'n² de um primo maior que 2 é sempre ímpar e composto (ex: 3² = 9, 5² = 25).'),
  (181, '1/2 representa a metade de um inteiro, pois divide algo em duas partes iguais.'),
  (182, '1/2 é equivalente a 2/4, pois 2 dividido por 4 é igual a 1 dividido por 2.'),
  (183, '3/4 representa três partes de um total de quatro.'),
  (184, '1/2 + 1/2 resulta em 1, pois somando duas metades temos o inteiro.'),
  (185, '3/4 - 1/4 é igual a 2/4, que equivale a 1/2.'),
  (186, '1/4 é menor que 1/2, pois representa uma parte menor do todo.'),
  (187, '4/8 é equivalente a 1/2, pois 4 dividido por 8 é igual a 1 dividido por 2.'),
  (188, '1/3 de 9 é igual a 3, pois 9 dividido por 3 é 3.'),
  (189, '1/4 de 8 é igual a 2, pois 8 dividido por 4 é 2.'),
  (190, '1/3 representa um terço, ou seja, uma parte de um total dividido em três partes.'),
  (191, '1/4 + 1/4 é igual a 2/4, que equivale a 1/2.'),
  (192, '3/4 é maior do que todas as outras frações listadas.'),
  (193, '1/5 é a menor das frações apresentadas, pois representa uma parte menor.'),
  (194, 'Comer 3 de 8 partes representa a fração 3/8.'),
  (195, '5/10 é equivalente a 1/2, pois ambos representam metade.'),
  (196, '2/5 + 1/5 é igual a 3/5, pois os denominadores são iguais.'),
  (197, '1/2 de 10 é igual a 5, pois 10 dividido por 2 é 5.'),
  (198, '5/10 representa cinco partes de um total de dez.'),
  (199, '1 - 1/4 é igual a 3/4, pois sobra essa fração do inteiro.'),
  (200, '2/3 de 6 é igual a 4, pois 6 vezes 2 dividido por 3 é 4.'),
  (201, 'Para somar 2/3 e 1/6, é necessário encontrar o denominador comum. O resultado é 5/6.'),
  (202, '6/8 é equivalente a 3/4, pois ambos representam a mesma proporção após simplificação.'),
  (203, '2/5 + 1/5 = 3/5, pois os denominadores são iguais e somamos os numeradores.'),
  (204, '2/3 é maior que 3/5 porque representa uma parte maior do todo.'),
  (205, '3/6 representa 3 partes de um total de 6, que é equivalente a 1/2.'),
  (206, '3/4 - 1/2 = 1/4, pois 1/2 equivale a 2/4 e 3/4 - 2/4 = 1/4.'),
  (207, 'Se Pedro leu 5/8, falta 3/8 para terminar o livro.'),
  (208, '2/3 de 9 é igual a 6, pois 9 vezes 2 dividido por 3 é 6.'),
  (209, 'Se 1/4 da sala está ocupada, 3/4 está livre, pois 1 - 1/4 = 3/4.'),
  (210, '7/14 é equivalente a 1/2, pois 7 dividido por 7 e 14 dividido por 7 dá 1/2.'),
  (211, '3/10 + 2/10 = 5/10, somando numeradores com denominadores iguais.'),
  (212, 'Entre as opções, 2/7 é a menor fração, pois representa a menor parte do inteiro.'),
  (213, '4/6 - 1/3 = 1/2, pois 1/3 é igual a 2/6 e 4/6 - 2/6 = 2/6 = 1/2.'),
  (214, '5/6 + 1/12 = 11/12 após encontrar o denominador comum.'),
  (215, '3/4 de 1 litro são 750 ml, pois 1 litro = 1000 ml e 1000 × 3/4 = 750.'),
  (216, 'Se 2/5 foi consumido, resta 3/5 do chocolate.'),
  (217, '1/6 + 1/3 + 1/2 = 1 após calcular com denominador comum (6).'),
  (218, '5/10 representa a metade do inteiro, assim como 1/2.'),
  (219, 'Pedro comeu 4/8, Maria 2/8. 4/8 > 2/8, então Pedro comeu mais.'),
  (220, '3/4 de 12 bombons é 9, pois 12 × 3 ÷ 4 = 9.'),
  (221, 'João percorreu 3/5 + 1/5 = 4/5. Ainda falta 1/5 do trajeto.'),
  (222, 'Para subtrair 2/3 - 1/4, usamos o MMC (12): 8/12 - 3/12 = 5/12.'),
  (223, '1/2 + 1/3 + 1/4 = 6/12 + 4/12 + 3/12 = 13/12.'),
  (224, '1/3 de 24 = 8, 1/4 de 24 = 6. Total = 14. Então, 24 - 14 = 10 livros restantes.'),
  (225, '7/8 - 3/16 = 14/16 - 3/16 = 11/16.'),
  (226, '2/5 + 1/4 = 8/20 + 5/20 = 13/20.'),
  (227, '2/3 × 3/4 = 6/12 = 1/2 após simplificação.'),
  (228, '5/6 - 2/3 = 5/6 - 4/6 = 1/6.'),
  (229, '5/8 é maior que 1/4 (2/8). Logo, João ficou com a maior parte.'),
  (230, '18/24 simplifica-se por 6: 18÷6 = 3, 24÷6 = 4 → 3/4.'),
  (231, 'Se 3/7 foi usado, resta 1 - 3/7 = 4/7.'),
  (232, 'Dobrar 2/3 = 2 × 2/3 = 4/3.'),
  (233, '3/5 + 2/3 = 9/15 + 10/15 = 19/15.'),
  (234, '3/4 × 1/2 = 3/8.'),
  (235, '3/8 de 16 = 6, 1/4 de 16 = 4. Total = 10 partes.'),
  (236, '75% = 75/100 = 3/4 após simplificação.'),
  (237, '2/5 + 1/4 = 8/20 + 5/20 = 13/20. 1 - 13/20 = 7/20 livre.'),
  (238, '7/10 - 1/3 = 21/30 - 10/30 = 11/30.'),
  (239, '3/8 + 1/4 = 3/8 + 2/8 = 5/8 jogados, então perdeu 3/8.'),
  (240, '45 minutos de 60 = 45/60 = 3/4.'),
  (241, '3 + (-2) = 1, pois somar um número negativo equivale a subtrair.'),
  (242, '-4 + 7 = 3, pois 7 é maior e tem sinal positivo.'),
  (243, '-5 - 2 = -7, pois estamos subtraindo mais de um número negativo.'),
  (244, '2,5 + 1,5 = 4. Soma simples de números decimais.'),
  (245, '-3 + (-2) = -5, pois somar dois negativos mantém o sinal.'),
  (246, '1/2 + 1/2 = 2/2 = 1.'),
  (247, '4 - 1,5 = 2,5.'),
  (248, '-6 + 6 = 0, pois são opostos.'),
  (249, '1/4 + 1/4 = 2/4 = 1/2.'),
  (250, '0,5 × 2 = 1.'),
  (251, '-2 × 3 = -6. Negativo vezes positivo dá negativo.'),
  (252, '3 × (-1) = -3.'),
  (253, '2 ÷ 0,5 = 4, pois é o mesmo que 2 dividido por meio.'),
  (254, '-9 ÷ 3 = -3.'),
  (255, '-12 ÷ (-4) = 3. Divisão de dois negativos dá positivo.'),
  (256, '1/2 × 4 = 4/2 = 2.'),
  (257, '3/4 + 1/4 = 4/4 = 1.'),
  (258, '0,6 + 0,4 = 1.'),
  (259, '-5 + 0 = -5. Qualquer número somado a 0 continua igual.'),
  (260, '10 ÷ 2 = 5.'),
  (261, 'R$ 12,50 - R$ 8,75 = R$ 3,75.'),
  (262, '-3,5 + 1,2 = -2,3. Soma entre negativo e positivo.'),
  (263, '-2,5 + 3,5 = 1 km. Soma entre sinais diferentes.'),
  (264, '1/2 + 2/3 = 3/6 + 4/6 = 7/6.'),
  (265, '-1,2 × 2,5 = -3.'),
  (266, '5/6 - 1/3 = 5/6 - 2/6 = 3/6 = 1/2.'),
  (267, '-7 ÷ 2 = -3,5.'),
  (268, 'Se deve R$ 15 e paga R$ 6, continua devendo R$ 9.'),
  (269, '0,25 × 0,4 = 0,10.'),
  (270, '-2/5 + 3/10 = -4/10 + 3/10 = -1/10.'),
  (271, '(-4) × (-0,5) = 2. Produto de dois negativos dá positivo.'),
  (272, '1,25 - 2,75 = -1,5.'),
  (273, '3/4 ÷ 1/2 = 3/4 × 2 = 6/4 = 1,5.'),
  (274, 'R$ 50 - R$ 18,90 = R$ 31,10.'),
  (275, '2,4 ÷ 0,2 = 12.'),
  (276, '-3/4 - 1/4 = -4/4 = -1.'),
  (277, '2/5 + 1/5 = 3/5.'),
  (278, '-2 × x = 6 ⇒ x = -3.'),
  (279, '7/8 - 3/8 = 4/8 = 1/2.'),
  (280, '1,2 + (-0,7) = 0,5.'),
  (281, '-R$ 12,30 + R$ 7,45 = -R$ 4,85.'),
  (282, '-3/4 + 2,5 = -0,75 + 2,5 = 1,75.'),
  (283, '-1,5 + 2,7 = 1,2 km.'),
  (284, '2/3 + (-5/6) = 4/6 - 5/6 = -1/6.'),
  (285, '3/5 de R$ 12,60 = R$ 7,56. Então sobra R$ 5,04.'),
  (286, '-2,5 × -1,2 = 3.'),
  (287, 'Dívida de R$ 15 - R$ 10 = -R$ 5. Gastou mais R$ 5 → saldo = -R$ 10.'),
  (288, '(-3/4) ÷ (1/2) = -3/4 × 2 = -6/4 = -1,5.'),
  (289, 'x ÷ 1/3 = -6 → x = -6 × 1/3 = -2.'),
  (290, '-4,8 + 2,3 = -2,5 km.'),
  (291, '5/8 - 6/8 = -1/8.'),
  (292, '60% de x = 18 → x = 18 ÷ 0,6 = R$ 30.'),
  (293, '(1/2 × -4) + 2 = -2 + 2 = 0.'),
  (294, 'Dois itens de R$ 6,25 = R$ 12,50. Sobra: R$ 20 - R$ 12,50 = R$ 7,50.'),
  (295, '-2,5 + (-1,5 × 2) = -2,5 - 3 = -5,5.'),
  (296, '3/5 × x = 1,2 → x = 1,2 ÷ (3/5) = 1,2 × 5/3 = 2.'),
  (297, '7/10 ÷ 1/5 = 7/10 × 5 = 35/10 = 3,5.'),
  (298, 'R$ 18,90 - R$ 7,45 = R$ 11,45.'),
  (299, '-2/3 + -1/6 = -4/6 - 1/6 = -5/6.'),
  (300, '-2 × x = 5 → x = -2,5.'),
  (301, 'Para aproximar um número para a dezena mais próxima, observe a unidade (o último dígito). Se for 5 ou mais, arredonde para cima. Caso contrário, arredonde para baixo.'),
  (302, 'Para aproximar um número para a centena mais próxima, observe a dezena. Se for 50 ou mais, arredonde para a centena superior. Se for 49 ou menos, arredonde para a centena inferior.'),
  (303, 'Para aproximar o número 9 para a dezena mais próxima, considere a unidade. Como é menor que 5, arredondamos para 0.'),
  (304, 'Para aproximar 623 para a centena mais próxima, observe as dezenas. Como são 20, o número mais próximo é 600.'),
  (305, 'Para encontrar a centena mais próxima de 749, considere as dezenas. Como são 40, a centena mais próxima é 700.'),
  (306, 'Para aproximar 3.276 para a milhar mais próxima, observe as centenas. Como são 200, o número mais próximo é 3.000.'),
  (307, 'Para arredondar 865 para a centena mais próxima, considere as dezenas. Como são 60, arredonda-se para 900.'),
  (308, 'Ao aproximar 2.499 para a milhar mais próxima, considere as centenas. Como são 400, arredonda-se para 2.500.'),
  (309, 'Para arredondar 57 para a dezena mais próxima, observe a unidade. Como é 7, arredonda-se para 60.'),
  (310, 'Ao arredondar 15 para a dezena mais próxima, considere a unidade. Como é 5, arredonda-se para 20.'),
  (311, 'Para aproximar 4.821 para a milhar mais próxima, observe as centenas. Como são 800, arredonda-se para 5.000.'),
  (312, 'Para arredondar 39 para a dezena mais próxima, observe a unidade. Como é 9, arredonda-se para 40.'),
  (313, 'Ao arredondar 1.234 para a centena mais próxima, observe as dezenas. Como são 30, arredonda-se para 1.200.'),
  (314, 'Ao aproximar 98 para a dezena mais próxima, observe a unidade. Como é 8, arredonda-se para 100.'),
  (315, 'Para encontrar o múltiplo de 100 mais próximo de 1.890, observe as dezenas. Como são 90, o múltiplo de 100 mais próximo é 1.900.'),
  (316, 'Para arredondar 5.149 para a milhar mais próxima, observe as centenas. Como são 100, arredonda-se para 5.000.'),
  (317, 'Ao arredondar 1.789 para a centena mais próxima, observe as dezenas. Como são 80, arredonda-se para 1.800.'),
  (318, 'Para encontrar o milhar mais próximo de 6.700, observe as centenas. Como são 700, o milhar mais próximo é 7.000.'),
  (319, 'Ao arredondar 66 para a dezena mais próxima, observe a unidade. Como é 6, arredonda-se para 70.'),
  (320, 'Para encontrar o múltiplo de 10 mais próximo de 12, observe as unidades. Como é 2, arredonda-se para 10.'),
  (321, 'Para arredondar o preço de R$ 46,90 para a dezena mais próxima, observe as unidades. Como são 6, arredonda-se para 50.'),
  (322, 'Para arredondar o número de peças 1.236 para a centena mais próxima, observe as dezenas. Como são 30, arredonda-se para 1.200.'),
  (323, 'Para arredondar R$ 2.743,15 para o milhar mais próximo, observe as centenas. Como são 700, arredonda-se para 3.000.'),
  (324, 'Ao arredondar R$ 678,45 para a centena mais próxima, observe as dezenas. Como são 70, arredonda-se para 700.'),
  (325, 'Para arredondar a distância de 3.650 km para o milhar mais próximo, observe as centenas. Como são 600, arredonda-se para 4.000.'),
  (326, 'Ao arredondar as 8.734 unidades para a centena mais próxima, observe as dezenas. Como são 30, arredonda-se para 8.700.'),
  (327, 'Para arredondar a distância percorrida na maratona de 42,195 km para a dezena mais próxima, observe as unidades. Como são 5, arredonda-se para 40.'),
  (328, 'Para arredondar o número de espectadores 9.815 para o milhar mais próximo, observe as centenas. Como são 800, arredonda-se para 10.000.'),
  (329, 'Ao arredondar os 4.389 metros para a centena mais próxima, observe as dezenas. Como são 80, arredonda-se para 4.400.'),
  (330, 'Ao arredondar as 12.435 unidades para o milhar mais próximo, observe as centenas. Como são 400, arredonda-se para 12.000.'),
  (331, 'Para arredondar a média de 38,4 horas para a dezena mais próxima, observe as unidades. Como são 4, arredonda-se para 40.'),
  (332, 'Para arredondar o orçamento de R$ 1.245.567,89 para o milhar mais próximo, observe as centenas. Como são 567, arredonda-se para 1.246.000.'),
  (333, 'Ao arredondar o preço de R$ 17,30 para a dezena mais próxima, observe as unidades. Como são 7, arredonda-se para 20.'),
  (334, 'Ao arredondar a produção de 8.671 peças para a centena mais próxima, observe as dezenas. Como são 70, arredonda-se para 8.700.'),
  (335, 'Ao arredondar o preço de R$ 1.499,99 para o milhar mais próximo, observe as centenas. Como são 400, arredonda-se para 1.500.'),
  (336, 'Para arredondar o valor de R$ 45,67 para a dezena mais próxima, observe as unidades. Como são 5, arredonda-se para 50.'),
  (337, 'Ao arredondar o aluguel mensal de R$ 1.238,90 para a centena mais próxima, observe as dezenas. Como são 30, arredonda-se para 1.200.'),
  (338, 'Para arredondar a pontuação média de 82,4 pontos para a dezena mais próxima, observe as unidades. Como são 4, arredonda-se para 80.'),
  (339, 'Ao arredondar a distância de 246,78 km para a centena mais próxima, observe as dezenas. Como são 40, arredonda-se para 250.'),
  (340, 'Para arredondar 3.248 para a centena mais próxima, observe as dezenas. Como são 40, arredonda-se para 3.200.'),
  (341, 'Ao arredondar R$ 1.378,25 para o milhar mais próximo, observe as centenas. Como são 378, arredonda-se para 1.400.'),
  (342, 'Ao arredondar a média de idade de 42,56 para a dezena mais próxima, observe as unidades. Como são 6, arredonda-se para 40.'),
  (343, 'Para arredondar o percurso de 9.876 metros para a centena mais próxima, observe as dezenas. Como são 70, arredonda-se para 9.900.'),
  (344, 'Para arredondar o crescimento populacional de 17.023 para o milhar mais próximo, observe as centenas. Como são 20, arredonda-se para 17.000.'),
  (345, 'Ao arredondar o valor final de um investimento com aumento de 18%, calcule o aumento e arredonde para a centena mais próxima. O valor final será de aproximadamente R$ 14.800.'),
  (346, 'Ao arredondar a distância percorrida pelo atleta de 32.415 metros para o milhar mais próximo, observe as centenas. Como são 400, arredonda-se para 32.000.'),
  (347, 'Ao arredondar o valor de R$ 4.832.736,98 para o milhão mais próximo, observe as centenas de milhar. Como são 832.000, arredonda-se para 5.000.000.'),
  (348, 'Ao arredondar o valor de R$ 235,75 para a dezena mais próxima, observe as unidades. Como são 5, arredonda-se para 240.'),
  (349, 'Para arredondar a temperatura de 18,75°C para a dezena mais próxima, observe as unidades. Como são 7, arredonda-se para 20.'),
  (350, 'Ao arredondar o número de novos funcionários de 1.432 para o milhar mais próximo, observe as centenas. Como são 300, arredonda-se para 1.400.'),
  (351, 'Para arredondar o número de visitantes de 75.543 para a centena mais próxima, observe as dezenas. Como são 40, arredonda-se para 75.500.'),
  (352, 'Ao calcular a média de carga por caminhão, divida 2.487 kg por 4 e arredonde o resultado para a centena mais próxima, dando aproximadamente 600 kg por caminhão.'),
  (353, 'Ao arredondar a produção de R$ 8.764.895,23 para o milhão mais próximo, observe as centenas de milhar. Como são 764.000, arredonda-se para 9.000.000.'),
  (354, 'Ao arredondar o número de alunos de 582 para a centena mais próxima, observe as dezenas. Como são 80, arredonda-se para 600.'),
  (355, 'Ao arredondar a quantidade de energia gerada de 23.478 kWh para o milhar mais próximo, observe as centenas. Como são 478, arredonda-se para 23.000.'),
  (356, 'Ao arredondar o número de pessoas entrevistadas de 4.567 para a centena mais próxima, observe as dezenas. Como são 60, arredonda-se para 4.600.'),
  (357, 'Ao arredondar a estimativa de vendas de R$ 9.384.276,52 para o milhão mais próximo, observe as centenas de milhar. Como são 384.000, arredonda-se para 9.000.000.'),
  (358, 'Para arredondar a produção de 3.965 unidades para a centena mais próxima, observe as dezenas. Como são 60, arredonda-se para 4.000.'),
  (359, 'Para arredondar a extensão de 35.787 metros para o milhar mais próximo, observe as centenas. Como são 800, arredonda-se para 36.000.'),
  (360, 'Ao arredondar o número de livros vendidos de 123.478 para a centena mais próxima, observe as dezenas. Como são 80, arredonda-se para 123.500.'),
  (361, 'Para calcular 10% de 50, basta multiplicar 50 por 0,10. O resultado é 5. Continue praticando!'),
  (362, 'Para calcular 25% de R$ 200,00, multiplique 200 por 0,25. O resultado é R$ 50,00. Bom trabalho!'),
  (363, 'Para calcular o preço final de um produto com desconto, basta subtrair o valor do desconto do preço original. O desconto de 10% sobre R$ 80,00 é R$ 8,00, e o preço final é R$ 72,00.'),
  (364, '25% de 40 alunos é igual a 10. Isso significa que 10 alunos estão ausentes. Continue assim!'),
  (365, 'O valor do desconto de 15% em R$ 200,00 é R$ 30,00. Portanto, o valor do desconto é R$ 30,00. Bom trabalho!'),
  (366, 'Para calcular 50% de R$ 180,00, basta multiplicar 180 por 0,50. O resultado é R$ 90,00. Ótimo!'),
  (367, 'Se um aluno acertou 80% de 50 questões, basta multiplicar 50 por 0,80. O aluno acertou 40 questões. Continue praticando!'),
  (368, 'Para calcular o preço de venda com lucro, basta multiplicar o custo por 1 mais a porcentagem de lucro. O preço de venda de um produto de R$ 60,00 com 20% de lucro é R$ 72,00.'),
  (369, '60% de 200 participantes é igual a 120 participantes. Portanto, 120 mulheres participaram. Bom trabalho!'),
  (370, 'Para calcular o aumento de 10% em R$ 1.000,00, basta multiplicar 1.000 por 0,10 e somar ao valor original. O novo valor será R$ 1.100,00.'),
  (371, '25% de R$ 240,00 é igual a R$ 60,00. Isso significa que o valor correspondente a 25% é R$ 60,00.'),
  (372, 'Se 30% dos 500 participantes desistiram, basta multiplicar 500 por 0,30. O número de desistentes é 150. Bom trabalho!'),
  (373, 'Para calcular 15% de R$ 300,00, basta multiplicar 300 por 0,15. O resultado é R$ 45,00. Ótimo trabalho!'),
  (374, 'Se um produto custa R$ 150,00 e recebe 5% de imposto, basta multiplicar 150 por 0,05. O valor do imposto será R$ 7,50. Continue praticando!'),
  (375, '20% de 22 jogadores é igual a 4 atacantes. Portanto, o número de atacantes no time é 4. Ótimo!'),
  (376, 'Se um estudante tem 18 anos e isso representa 30% da idade total da turma, basta dividir 18 por 0,30. A idade total da turma é 60 anos. Bom trabalho!'),
  (377, '40% de R$ 500,00 é igual a R$ 200,00. Isso significa que 40% de R$ 500,00 é R$ 200,00. Continue praticando!'),
  (378, 'Para calcular 12% de comissão sobre R$ 2.500,00, basta multiplicar 2.500 por 0,12. O valor da comissão será R$ 300,00. Bom trabalho!'),
  (379, '20% de 250 entrevistados é igual a 50 pessoas que preferem o produto A. Bom trabalho!'),
  (380, 'Se um aluno tirou 80% de acertos em um teste com 50 questões, basta multiplicar 50 por 0,80. O aluno acertou 40 questões. Continue praticando!'),
  (381, 'Para calcular o preço com desconto de 25%, basta multiplicar 600 por 0,25 e subtrair o resultado do valor original. O preço com o desconto será R$ 450,00.'),
  (382, '40% de 250 funcionários é igual a 100 mulheres. Portanto, 100 mulheres trabalham na empresa. Bom trabalho!'),
  (383, 'Para calcular o gasto com 15% de R$ 450,00, basta multiplicar 450 por 0,15. O valor gasto é R$ 67,50. Ótimo!'),
  (384, 'Para calcular o novo preço de um produto com aumento de 12%, basta multiplicar 350 por 1,12. O novo preço será R$ 392,00. Continue praticando!'),
  (385, '70% de 80 questões é igual a 56 questões. Portanto, o aluno acertou 56 questões. Bom trabalho!'),
  (386, 'Para calcular os juros de 8% sobre R$ 5.000,00, basta multiplicar 5.000 por 0,08. O valor dos juros será R$ 400,00. Ótimo!'),
  (387, 'A redução de R$ 1.000,00 para R$ 800,00 corresponde a um desconto de 20%. Isso significa que o percentual de desconto foi 20%.'),
  (388, '35% de 200 participantes é igual a 70 mulheres. Portanto, 70 mulheres participaram da competição. Bom trabalho!'),
  (389, 'Para calcular o valor total incluindo 25% de imposto, basta multiplicar o preço original por 1,25. O valor total será R$ 500,00. Continue assim!'),
  (390, 'O preço final de um produto com desconto de 15% sobre R$ 180,00 é R$ 153,00. Isso é o preço final após o desconto.'),
  (391, 'Para calcular o novo salário com aumento de 8% sobre R$ 2.500,00, basta multiplicar 2.500 por 1,08. O novo salário será R$ 2.700,00. Bom trabalho!'),
  (392, 'O preço final de um produto com acréscimo de 18% sobre R$ 320,00 é R$ 377,60. Isso é o preço final após o acréscimo.'),
  (393, '75% de 400 entrevistados é igual a 300 pessoas que preferem o produto B. Bom trabalho!'),
  (394, 'Se um imóvel custa R$ 800.000,00 e recebe um desconto de 10%, o valor com o desconto será R$ 720.000,00. Ótimo trabalho!'),
  (395, 'Se você fez um empréstimo de R$ 5.000,00 e a taxa de juros é de 20%, basta multiplicar 5.000 por 1,20. O valor total a ser pago será R$ 6.000,00.'),
  (396, '45% de 40 alunos é igual a 18 alunos que tiraram nota acima de 8. Portanto, 18 alunos tiveram essa nota. Bom trabalho!'),
  (397, 'O valor com desconto de 18% sobre R$ 150,00 é R$ 123,00. Isso é o valor final com desconto.'),
  (398, 'A comissão de 8% sobre uma venda de R$ 4.000,00 é de R$ 320,00. O valor da comissão será R$ 320,00. Continue assim!'),
  (399, 'Para calcular o novo preço da passagem de ônibus com aumento de 10%, basta multiplicar 5,00 por 1,10. O novo preço será R$ 5,50.'),
  (400, '20% de 1.000.000 habitantes é igual a 200.000 pessoas que possuem carro. Portanto, 200.000 habitantes possuem carro. Ótimo trabalho!'),
  (401, 'O preço final de um produto com aumento de 25% seguido por um desconto de 20% é calculado em duas etapas. O aumento de 25% sobre R$ 500,00 resulta em R$ 625,00. Após o desconto de 20%, o preço final é R$ 500,00.'),
  (402, 'Para calcular o aumento percentual total após 3 anos consecutivos de aumento de 10% ao ano, utilizamos a fórmula de juros compostos. O aumento total será de 33,1%.'),
  (403, 'Quando o preço de um produto sofre uma redução de 15% e depois um aumento de 10%, é necessário aplicar cada percentual sucessivamente no novo valor. O preço final será R$ 288,00.'),
  (404, 'O valor final da dívida após 3 anos com juros simples de 20% ao ano sobre R$ 8.000,00 será R$ 11.200,00. A fórmula utilizada é: Valor Final = Valor Inicial + (Valor Inicial * Taxa de Juros * Tempo).'),
  (405, 'Ao aplicar uma redução de 10% no primeiro mês, 5% no segundo e um aumento de 8% no terceiro, o preço final de R$ 120,00 será R$ 110,16.'),
  (406, 'O preço final de um produto que sofre uma redução de 30% seguida de um aumento de 30% sobre o preço inicial de R$ 600,00 será R$ 558,00.'),
  (407, 'Para calcular o aumento total de uma população que cresce 10% no primeiro ano, 8% no segundo e 5% no terceiro, aplicamos cada percentual sucessivamente. O aumento total será de 23.600 habitantes.'),
  (408, '15% de 400 funcionários resulta em 60 funcionários promovidos. Desses, 50% recebem um aumento de 25%, o que dá um total de 30 funcionários.'),
  (409, 'Quando um produto sofre um aumento de 50% e depois uma redução de 40%, o preço final de R$ 1.000,00 será R$ 900,00.'),
  (410, 'Após uma redução de 15% e um aumento de 25% sobre um produto que custa R$ 1.200,00, o preço final será R$ 1.050,00.'),
  (411, 'Para calcular o valor de uma dívida com juros compostos, usamos a fórmula do montante composto. Nesse caso, a dívida de R$ 10.000,00 com 5% ao mês durante 6 meses será de R$ 13.382,26.'),
  (412, 'Se um número é 30% maior do que outro número de 10.000, o aumento será de R$ 3.000,00. Isso é o que corresponde ao aumento de 30% sobre 10.000.'),
  (413, 'O preço final de um produto comprado por R$ 400,00, com 15% de desconto seguido de 20% de desconto sobre o preço com desconto, será R$ 272,00.'),
  (414, 'Quando o preço de um produto é aumentado em 20%, depois reduzido em 10% e, após 6 meses, aumentado em 15%, o preço final de R$ 500,00 será R$ 552,00.'),
  (415, 'O preço final de um produto que custa R$ 1.000,00 e sofre uma redução de 25% seguida de uma redução de 10% sobre o valor com desconto será R$ 675,00.'),
  (416, 'Um fundo de investimento com 12% de rendimento ao ano composto resultará em um valor final de R$ 17.624,99 após 5 anos, a partir de um investimento inicial de R$ 10.000,00.'),
  (417, 'O salário final após uma redução de 10% no primeiro mês, 5% no segundo e um aumento de 12% no terceiro mês sobre um salário inicial de R$ 2.500,00 será R$ 2.457,00.'),
  (418, 'Se um item foi reduzido em 10%, aumentado em 20% e depois reduzido em 15%, o preço final de R$ 1.000,00 será R$ 1.020,00.'),
  (419, 'Após um aumento de 20% seguido de uma redução de 10% sobre um preço inicial de R$ 500,00, o preço final será R$ 440,00.'),
  (420, 'Se um número aumenta 30% e depois sofre uma redução de 25%, a variação percentual total será de 2,5%. Isso é calculado pela fórmula de variação percentual composta.');
